Tool,Data,Technology,Individual,Chr,MeanCov,RawRealigned,WhDowns,WhDownsTimeSec,Merge,MergeE,MergeM,MergeT,MergeN,MergeTimeSec,MergeMaxMemMB,RndDowns,RndDownsSeed,RndDownsMaxCov,RndDownsTimeSec,RndDownsMaxMemMB,FurtherMerging,Epsilon,Alpha,BalThr,BalRatio,SwErrRatePerc,HamDistPerc,MecScore,PhasTimeSec,PhasMaxMemMB
HapChat,ashk,pacbio,child,chr21,25,realigned,15,5.6,no,NA,NA,NA,NA,NA,NA,no,NA,NA,NA,NA,no,0.05,0.01,N,0,0.39641,1.19747,51330,4.03,4.15625
HapChat,sim,pacbio,child,chr21,25,realigned,20,7.7,no,NA,NA,NA,NA,NA,NA,no,NA,NA,NA,NA,no,0.05,0.01,N,0,0.03492,0.59867,84060,33.92,18.44140625
HapChat,ashk,pacbio,child,chr1,30,realigned,15,49.1,no,NA,NA,NA,NA,NA,NA,no,NA,NA,NA,NA,no,0.05,0.01,N,0,0.24667,1.27962,281190,20.6,4.8984375
HapChat,sim,pacbio,child,chr1,30,realigned,25,77.1,no,NA,NA,NA,NA,NA,NA,no,NA,NA,NA,NA,no,0.05,0.01,N,0,0.02829,0.32644,551010,1084.47,134.16015625
HapChat,ashk,pacbio,child,chr1,15,realigned,15,29.9,no,NA,NA,NA,NA,NA,NA,no,NA,NA,NA,NA,no,0.05,0.1,N,0,0.28799,1.69911,258210,4.59,3.08984375
HapChat,sim,pacbio,child,chr1,30,realigned,20,64.9,no,NA,NA,NA,NA,NA,NA,no,NA,NA,NA,NA,no,0.05,0.1,N,0,0.03264,0.35593,451380,15.71,8.95703125
HapChat,sim,pacbio,child,chr21,40,realigned,20,12.4,no,NA,NA,NA,NA,NA,NA,no,NA,NA,NA,NA,no,0.05,0.1,N,0,0.03484,0.10158,82890,3.05,4.7890625
HapChat,sim,pacbio,child,chr21,30,realigned,20,9.5,no,NA,NA,NA,NA,NA,NA,no,NA,NA,NA,NA,no,0.05,0.01,N,0,0.02326,0.58717,84360,36.9,21.171875
HapChat,ashk,pacbio,child,chr21,40,realigned,25,14.2,no,NA,NA,NA,NA,NA,NA,no,NA,NA,NA,NA,no,0.05,0.01,N,0,0.43018,1.71577,88320,219.51,106.10546875
HapChat,sim,pacbio,child,chr1,55,realigned,25,115.0,no,NA,NA,NA,NA,NA,NA,no,NA,NA,NA,NA,no,0.05,0.01,N,0,0.02169,0.27769,587010,1054.23,189.08984375
HapChat,ashk,pacbio,child,chr1,30,realigned,20,61.8,no,NA,NA,NA,NA,NA,NA,no,NA,NA,NA,NA,no,0.05,0.1,N,0,0.24667,1.35551,379530,16.41,8.44140625
HapChat,ashk,pacbio,child,chr21,30,realigned,25,10.2,no,NA,NA,NA,NA,NA,NA,no,NA,NA,NA,NA,no,0.05,0.01,N,0,0.39604,1.19706,88530,224.71,113.3828125
HapChat,ashk,pacbio,child,chr1,15,realigned,25,34.2,no,NA,NA,NA,NA,NA,NA,no,NA,NA,NA,NA,no,0.05,0.01,N,0,0.27042,1.44560,315330,200.24,42.4609375
HapChat,sim,pacbio,child,chr21,15,realigned,25,4.5,no,NA,NA,NA,NA,NA,NA,no,NA,NA,NA,NA,no,0.05,0.1,N,0,0.03502,0.61038,81600,7.53,7.5
HapChat,sim,pacbio,child,chr1,25,realigned,20,53.1,no,NA,NA,NA,NA,NA,NA,no,NA,NA,NA,NA,no,0.05,0.1,N,0,0.04578,0.55436,439800,15.02,5.0859375
HapChat,ashk,pacbio,child,chr21,15,realigned,15,3.0,no,NA,NA,NA,NA,NA,NA,no,NA,NA,NA,NA,no,0.05,0.1,N,0,0.39761,1.78652,51150,1.29,2.609375
HapChat,ashk,pacbio,child,chr1,15,realigned,25,34.2,no,NA,NA,NA,NA,NA,NA,no,NA,NA,NA,NA,no,0.05,0.1,N,0,0.28799,1.68220,315780,19.74,7.60546875
HapChat,sim,pacbio,child,chr1,15,realigned,15,30.5,no,NA,NA,NA,NA,NA,NA,no,NA,NA,NA,NA,no,0.05,0.01,N,0,0.06795,0.52773,303210,16.86,4.65234375
HapChat,sim,pacbio,child,chr21,35,realigned,15,8.5,no,NA,NA,NA,NA,NA,NA,no,NA,NA,NA,NA,no,0.05,0.01,N,0,0.02325,0.09031,62760,3.98,4.6015625
HapChat,sim,pacbio,child,chr1,15,realigned,20,34.0,no,NA,NA,NA,NA,NA,NA,no,NA,NA,NA,NA,no,0.05,0.1,N,0,0.06795,0.81061,347430,10.38,7.02734375
HapChat,sim,pacbio,child,chr1,40,realigned,20,87.6,no,NA,NA,NA,NA,NA,NA,no,NA,NA,NA,NA,no,0.05,0.1,N,0,0.02607,0.25682,463350,15.05,6.17578125
HapChat,sim,pacbio,child,chr21,50,realigned,20,15.6,no,NA,NA,NA,NA,NA,NA,no,NA,NA,NA,NA,no,0.05,0.1,N,0,0.05798,0.16924,87480,2.92,5.13671875
HapChat,sim,pacbio,child,chr21,20,realigned,15,4.8,no,NA,NA,NA,NA,NA,NA,no,NA,NA,NA,NA,no,0.05,0.1,N,0,0.02330,0.58750,61590,1.06,2.52734375
HapChat,sim,pacbio,child,chr1,15,realigned,25,34.4,no,NA,NA,NA,NA,NA,NA,no,NA,NA,NA,NA,no,0.05,0.1,N,0,0.06795,0.81061,359400,17.58,23.0078125
HapChat,sim,pacbio,child,chr21,40,realigned,25,14.2,no,NA,NA,NA,NA,NA,NA,no,NA,NA,NA,NA,no,0.05,0.01,N,0,0.03484,0.10158,104040,220.5,125.265625
HapChat,ashk,pacbio,child,chr1,55,realigned,15,77.7,no,NA,NA,NA,NA,NA,NA,no,NA,NA,NA,NA,no,0.05,0.1,N,0,0.24339,1.48826,278760,5.48,3.140625
HapChat,sim,pacbio,child,chr1,45,realigned,25,117.6,no,NA,NA,NA,NA,NA,NA,no,NA,NA,NA,NA,no,0.05,0.1,N,0,0.01954,0.33462,577980,111.86,51.6640625
HapChat,sim,pacbio,child,chr21,50,realigned,25,19.2,no,NA,NA,NA,NA,NA,NA,no,NA,NA,NA,NA,no,0.05,0.01,N,0,0.05798,0.16924,105510,207.71,125.234375
HapChat,sim,pacbio,child,chr21,15,realigned,20,4.3,no,NA,NA,NA,NA,NA,NA,no,NA,NA,NA,NA,no,0.05,0.1,N,0,0.04670,0.64429,74460,2.86,3.95703125
HapChat,ashk,pacbio,child,chr21,40,realigned,25,14.2,no,NA,NA,NA,NA,NA,NA,no,NA,NA,NA,NA,no,0.05,0.1,N,0,0.43018,1.77221,88350,21.14,16.6953125
HapChat,sim,pacbio,child,chr21,45,realigned,15,11.4,no,NA,NA,NA,NA,NA,NA,no,NA,NA,NA,NA,no,0.05,0.01,N,0,0.05802,0.16928,65490,4.13,4.65625
HapChat,sim,pacbio,child,chr1,60,realigned,20,115.1,no,NA,NA,NA,NA,NA,NA,no,NA,NA,NA,NA,no,0.05,0.1,N,0,0.02167,0.13882,473220,14.5,6.16796875
HapChat,ashk,pacbio,child,chr1,45,realigned,20,89.0,no,NA,NA,NA,NA,NA,NA,no,NA,NA,NA,NA,no,0.05,0.1,N,0,0.25244,1.49320,376590,15.02,5.15234375
HapChat,ashk,pacbio,child,chr1,50,realigned,25,126.8,no,NA,NA,NA,NA,NA,NA,no,NA,NA,NA,NA,no,0.05,0.1,N,0,0.23918,1.42117,474750,99.22,22.99609375
HapChat,ashk,pacbio,child,chr1,35,realigned,15,56.6,no,NA,NA,NA,NA,NA,NA,no,NA,NA,NA,NA,no,0.05,0.1,N,0,0.24638,1.49420,280110,5.42,3.12890625
HapChat,ashk,pacbio,child,chr21,45,realigned,25,15.5,no,NA,NA,NA,NA,NA,NA,no,NA,NA,NA,NA,no,0.05,0.01,N,0,0.44145,2.13318,87900,221.32999999999998,105.28125
HapChat,sim,pacbio,child,chr21,15,realigned,25,4.5,no,NA,NA,NA,NA,NA,NA,no,NA,NA,NA,NA,no,0.05,0.01,N,0,0.04670,0.04521,81600,97.31,71.72265625
HapChat,ashk,pacbio,child,chr1,25,realigned,20,54.7,no,NA,NA,NA,NA,NA,NA,no,NA,NA,NA,NA,no,0.05,0.1,N,0,0.26234,1.51860,371370,16.08,4.90625
HapChat,ashk,pacbio,child,chr21,20,realigned,25,6.0,no,NA,NA,NA,NA,NA,NA,no,NA,NA,NA,NA,no,0.05,0.01,N,0,0.38538,1.18684,83640,179.25,95.9296875
HapChat,sim,pacbio,child,chr1,30,realigned,25,77.1,no,NA,NA,NA,NA,NA,NA,no,NA,NA,NA,NA,no,0.05,0.1,N,0,0.03700,0.40437,551430,95.50999999999999,52.03125
HapChat,ashk,pacbio,child,chr1,35,realigned,15,56.6,no,NA,NA,NA,NA,NA,NA,no,NA,NA,NA,NA,no,0.05,0.01,N,0,0.24638,1.50896,279930,20.4,4.9765625
HapChat,sim,pacbio,child,chr1,20,realigned,15,36.1,no,NA,NA,NA,NA,NA,NA,no,NA,NA,NA,NA,no,0.05,0.01,N,0,0.05243,0.48713,330330,19.88,5.4765625
HapChat,sim,pacbio,child,chr21,20,realigned,25,6.4,no,NA,NA,NA,NA,NA,NA,no,NA,NA,NA,NA,no,0.05,0.01,N,0,0.02330,0.58750,97200,195.51,102.52734375
HapChat,ashk,pacbio,child,chr21,45,realigned,20,13.6,no,NA,NA,NA,NA,NA,NA,no,NA,NA,NA,NA,no,0.05,0.01,N,0,0.44145,2.13318,69000,37.2,18.17578125
HapChat,ashk,pacbio,child,chr21,50,realigned,15,11.3,no,NA,NA,NA,NA,NA,NA,no,NA,NA,NA,NA,no,0.05,0.01,N,0,0.45291,2.13318,51240,4.0,4.19921875
HapChat,ashk,pacbio,child,chr21,45,realigned,15,9.7,no,NA,NA,NA,NA,NA,NA,no,NA,NA,NA,NA,no,0.05,0.01,N,0,0.44145,2.13318,51240,3.98,3.94140625
HapChat,ashk,pacbio,child,chr21,25,realigned,20,7.1,no,NA,NA,NA,NA,NA,NA,no,NA,NA,NA,NA,no,0.05,0.1,N,0,0.40802,1.20849,70470,3.31,4.0703125
HapChat,ashk,pacbio,child,chr21,20,realigned,15,4.3,no,NA,NA,NA,NA,NA,NA,no,NA,NA,NA,NA,no,0.05,0.1,N,0,0.38538,1.18684,53070,1.07,2.61328125
HapChat,sim,pacbio,child,chr1,40,realigned,25,92.2,no,NA,NA,NA,NA,NA,NA,no,NA,NA,NA,NA,no,0.05,0.1,N,0,0.02607,0.25682,574230,100.41,32.7734375
HapChat,sim,pacbio,child,chr21,20,realigned,20,5.6,no,NA,NA,NA,NA,NA,NA,no,NA,NA,NA,NA,no,0.05,0.01,N,0,0.02330,0.58750,80340,32.32,14.7265625
HapChat,ashk,pacbio,child,chr1,30,realigned,25,75.8,no,NA,NA,NA,NA,NA,NA,no,NA,NA,NA,NA,no,0.05,0.1,N,0,0.24449,1.27751,470550,88.2,58.015625
HapChat,sim,pacbio,child,chr1,60,realigned,15,82.5,no,NA,NA,NA,NA,NA,NA,no,NA,NA,NA,NA,no,0.05,0.1,N,0,0.02384,0.15776,357690,5.47,3.79296875
HapChat,ashk,pacbio,child,chr1,20,realigned,25,48.7,no,NA,NA,NA,NA,NA,NA,no,NA,NA,NA,NA,no,0.05,0.01,N,0,0.26296,1.54070,399780,593.38,81.78125
HapChat,ashk,pacbio,child,chr1,40,realigned,20,80.8,no,NA,NA,NA,NA,NA,NA,no,NA,NA,NA,NA,no,0.05,0.1,N,0,0.24832,1.63275,379800,16.83,12.015625
HapChat,ashk,pacbio,child,chr1,45,realigned,20,89.0,no,NA,NA,NA,NA,NA,NA,no,NA,NA,NA,NA,no,0.05,0.01,N,0,0.24373,1.47211,376440,193.95,22.57421875
HapChat,sim,pacbio,child,chr1,20,realigned,20,43.7,no,NA,NA,NA,NA,NA,NA,no,NA,NA,NA,NA,no,0.05,0.1,N,0,0.05461,0.47448,412290,15.44,14.3203125
HapChat,ashk,pacbio,child,chr1,55,realigned,20,98.1,no,NA,NA,NA,NA,NA,NA,no,NA,NA,NA,NA,no,0.05,0.01,N,0,0.24338,1.51981,376530,190.95,22.65625
HapChat,ashk,pacbio,child,chr21,35,realigned,25,11.7,no,NA,NA,NA,NA,NA,NA,no,NA,NA,NA,NA,no,0.05,0.1,N,0,0.43058,1.43389,86850,19.32,16.35546875
HapChat,ashk,pacbio,child,chr21,15,realigned,25,4.2,no,NA,NA,NA,NA,NA,NA,no,NA,NA,NA,NA,no,0.05,0.1,N,0,0.39761,1.51515,71490,7.27,7.6953125
HapChat,sim,pacbio,child,chr1,50,realigned,15,71.5,no,NA,NA,NA,NA,NA,NA,no,NA,NA,NA,NA,no,0.05,0.01,N,0,0.01953,0.27143,354660,20.34,6.62890625
HapChat,ashk,pacbio,child,chr21,30,realigned,20,9.0,no,NA,NA,NA,NA,NA,NA,no,NA,NA,NA,NA,no,0.05,0.1,N,0,0.39604,1.19706,69690,3.1,4.04296875
HapChat,ashk,pacbio,child,chr21,35,realigned,25,11.7,no,NA,NA,NA,NA,NA,NA,no,NA,NA,NA,NA,no,0.05,0.01,N,0,0.43058,1.43389,86850,230.2,114.41796875
HapChat,ashk,pacbio,child,chr21,20,realigned,25,6.0,no,NA,NA,NA,NA,NA,NA,no,NA,NA,NA,NA,no,0.05,0.1,N,0,0.38538,1.18684,83640,13.95,13.3203125
HapChat,sim,pacbio,child,chr21,30,realigned,15,6.9,no,NA,NA,NA,NA,NA,NA,no,NA,NA,NA,NA,no,0.05,0.01,N,0,0.02326,0.58717,63360,3.92,4.4921875
HapChat,sim,pacbio,child,chr1,25,realigned,25,62.1,no,NA,NA,NA,NA,NA,NA,no,NA,NA,NA,NA,no,0.05,0.1,N,0,0.04578,0.55436,519690,86.28999999999999,107.55078125
HapChat,sim,pacbio,child,chr1,20,realigned,25,49.3,no,NA,NA,NA,NA,NA,NA,no,NA,NA,NA,NA,no,0.05,0.1,N,0,0.05461,0.47448,462390,44.2,12.7265625
HapChat,sim,pacbio,child,chr21,35,realigned,25,12.9,no,NA,NA,NA,NA,NA,NA,no,NA,NA,NA,NA,no,0.05,0.1,N,0,0.03487,0.66606,104130,20.06,24.46484375
HapChat,ashk,pacbio,child,chr1,45,realigned,15,67.1,no,NA,NA,NA,NA,NA,NA,no,NA,NA,NA,NA,no,0.05,0.01,N,0,0.24808,1.48053,281010,20.26,4.98046875
HapChat,ashk,pacbio,child,chr21,45,realigned,25,15.5,no,NA,NA,NA,NA,NA,NA,no,NA,NA,NA,NA,no,0.05,0.1,N,0,0.44145,2.13318,87900,22.59,47.21875
HapChat,ashk,pacbio,child,chr1,50,realigned,20,91.2,no,NA,NA,NA,NA,NA,NA,no,NA,NA,NA,NA,no,0.05,0.01,N,0,0.23482,1.41272,374400,193.75,22.2890625
HapChat,sim,pacbio,child,chr21,20,realigned,15,4.8,no,NA,NA,NA,NA,NA,NA,no,NA,NA,NA,NA,no,0.05,0.01,N,0,0.02330,0.58750,61590,3.91,3.8046875
HapChat,sim,pacbio,child,chr1,15,realigned,20,34.0,no,NA,NA,NA,NA,NA,NA,no,NA,NA,NA,NA,no,0.05,0.01,N,0,0.06795,0.52773,347190,64.68,11.69921875
HapChat,sim,pacbio,child,chr1,30,realigned,20,64.9,no,NA,NA,NA,NA,NA,NA,no,NA,NA,NA,NA,no,0.05,0.01,N,0,0.02829,0.32644,451260,177.05,23.2890625
HapChat,sim,pacbio,child,chr21,30,realigned,25,11.2,no,NA,NA,NA,NA,NA,NA,no,NA,NA,NA,NA,no,0.05,0.01,N,0,0.02326,0.58717,104130,218.32999999999998,112.4765625
HapChat,sim,pacbio,child,chr21,40,realigned,20,12.4,no,NA,NA,NA,NA,NA,NA,no,NA,NA,NA,NA,no,0.05,0.01,N,0,0.03484,0.10158,82890,37.88,20.9453125
HapChat,sim,pacbio,child,chr1,35,realigned,15,58.9,no,NA,NA,NA,NA,NA,NA,no,NA,NA,NA,NA,no,0.05,0.1,N,0,0.03261,0.29895,352080,5.47,3.7890625
HapChat,ashk,pacbio,child,chr21,30,realigned,15,6.7,no,NA,NA,NA,NA,NA,NA,no,NA,NA,NA,NA,no,0.05,0.1,N,0,0.39604,1.19706,50430,1.06,2.62109375
HapChat,ashk,pacbio,child,chr1,15,realigned,15,29.9,no,NA,NA,NA,NA,NA,NA,no,NA,NA,NA,NA,no,0.05,0.01,N,0,0.27482,1.44983,257670,16.33,4.5703125
HapChat,sim,pacbio,child,chr21,35,realigned,15,8.5,no,NA,NA,NA,NA,NA,NA,no,NA,NA,NA,NA,no,0.05,0.1,N,0,0.02325,0.09031,62760,1.07,2.58984375
HapChat,ashk,pacbio,child,chr21,20,realigned,20,5.1,no,NA,NA,NA,NA,NA,NA,no,NA,NA,NA,NA,no,0.05,0.01,N,0,0.38538,1.18684,70470,28.92,15.8046875
HapChat,ashk,pacbio,child,chr21,30,realigned,20,9.0,no,NA,NA,NA,NA,NA,NA,no,NA,NA,NA,NA,no,0.05,0.01,N,0,0.39604,1.19706,69690,35.29,17.70703125
HapChat,sim,pacbio,child,chr1,55,realigned,15,73.9,no,NA,NA,NA,NA,NA,NA,no,NA,NA,NA,NA,no,0.05,0.01,N,0,0.02169,0.27769,357480,19.94,6.65234375
HapChat,ashk,pacbio,child,chr1,50,realigned,25,126.8,no,NA,NA,NA,NA,NA,NA,no,NA,NA,NA,NA,no,0.05,0.01,N,0,0.23482,1.41272,474630,1103.49,127.0546875
HapChat,ashk,pacbio,child,chr1,20,realigned,20,44.9,no,NA,NA,NA,NA,NA,NA,no,NA,NA,NA,NA,no,0.05,0.1,N,0,0.26515,1.54281,352650,14.98,5.54296875
HapChat,ashk,pacbio,child,chr1,20,realigned,25,48.7,no,NA,NA,NA,NA,NA,NA,no,NA,NA,NA,NA,no,0.05,0.1,N,0,0.26734,1.55337,399810,49.35,18.69921875
HapChat,sim,pacbio,child,chr21,25,realigned,15,6.1,no,NA,NA,NA,NA,NA,NA,no,NA,NA,NA,NA,no,0.05,0.01,N,0,0.03492,0.59867,63420,4.05,4.4921875
HapChat,sim,pacbio,child,chr21,35,realigned,25,12.9,no,NA,NA,NA,NA,NA,NA,no,NA,NA,NA,NA,no,0.05,0.01,N,0,0.02325,0.09031,103980,217.12,109.87109375
HapChat,sim,pacbio,child,chr1,45,realigned,20,86.1,no,NA,NA,NA,NA,NA,NA,no,NA,NA,NA,NA,no,0.05,0.1,N,0,0.02171,0.35146,468420,14.87,7.53125
HapChat,sim,pacbio,child,chr1,35,realigned,20,71.5,no,NA,NA,NA,NA,NA,NA,no,NA,NA,NA,NA,no,0.05,0.1,N,0,0.03695,0.35369,461160,15.12,7.15234375
HapChat,sim,pacbio,child,chr1,45,realigned,15,69.9,no,NA,NA,NA,NA,NA,NA,no,NA,NA,NA,NA,no,0.05,0.1,N,0,0.01954,0.33462,355200,5.57,3.9453125
HapChat,sim,pacbio,child,chr1,25,realigned,15,43.0,no,NA,NA,NA,NA,NA,NA,no,NA,NA,NA,NA,no,0.05,0.01,N,0,0.03488,0.34989,338340,19.84,5.42578125
HapChat,sim,pacbio,child,chr21,40,realigned,25,14.2,no,NA,NA,NA,NA,NA,NA,no,NA,NA,NA,NA,no,0.05,0.1,N,0,0.03484,0.10158,104040,23.72,57.34765625
HapChat,ashk,pacbio,child,chr1,40,realigned,20,80.8,no,NA,NA,NA,NA,NA,NA,no,NA,NA,NA,NA,no,0.05,0.01,N,0,0.23961,1.44946,378930,187.98,21.9609375
HapChat,ashk,pacbio,child,chr21,30,realigned,15,6.7,no,NA,NA,NA,NA,NA,NA,no,NA,NA,NA,NA,no,0.05,0.01,N,0,0.39604,1.19706,50430,3.98,4.12890625
HapChat,sim,pacbio,child,chr1,55,realigned,25,115.0,no,NA,NA,NA,NA,NA,NA,no,NA,NA,NA,NA,no,0.05,0.1,N,0,0.02385,0.27979,587010,108.35,44.50390625
HapChat,sim,pacbio,child,chr1,35,realigned,25,84.1,no,NA,NA,NA,NA,NA,NA,no,NA,NA,NA,NA,no,0.05,0.1,N,0,0.03695,0.34738,569790,105.66,35.57421875
HapChat,ashk,pacbio,child,chr21,35,realigned,15,7.4,no,NA,NA,NA,NA,NA,NA,no,NA,NA,NA,NA,no,0.05,0.01,N,0,0.43058,1.43389,49830,4.02,3.875
HapChat,ashk,pacbio,child,chr21,40,realigned,15,8.5,no,NA,NA,NA,NA,NA,NA,no,NA,NA,NA,NA,no,0.05,0.1,N,0,0.43018,1.71577,50760,1.04,2.52734375
HapChat,ashk,pacbio,child,chr1,15,realigned,20,33.3,no,NA,NA,NA,NA,NA,NA,no,NA,NA,NA,NA,no,0.05,0.01,N,0,0.27042,1.44560,300420,66.62,11.25390625
HapChat,sim,pacbio,child,chr1,35,realigned,25,84.1,no,NA,NA,NA,NA,NA,NA,no,NA,NA,NA,NA,no,0.05,0.01,N,0,0.02826,0.26948,569370,1095.16,185.73046875
HapChat,ashk,pacbio,child,chr21,40,realigned,20,11.4,no,NA,NA,NA,NA,NA,NA,no,NA,NA,NA,NA,no,0.05,0.01,N,0,0.43018,1.71577,68790,35.65,18.9375
HapChat,sim,pacbio,child,chr1,15,realigned,25,34.4,no,NA,NA,NA,NA,NA,NA,no,NA,NA,NA,NA,no,0.05,0.01,N,0,0.06795,0.52773,359160,164.87,35.640625
HapChat,sim,pacbio,child,chr21,45,realigned,20,14.2,no,NA,NA,NA,NA,NA,NA,no,NA,NA,NA,NA,no,0.05,0.01,N,0,0.05802,0.16928,85380,36.79,21.91796875
HapChat,ashk,pacbio,child,chr1,50,realigned,15,71.9,no,NA,NA,NA,NA,NA,NA,no,NA,NA,NA,NA,no,0.05,0.1,N,0,0.24135,1.46960,279030,5.5,3.16015625
HapChat,sim,pacbio,child,chr21,15,realigned,15,3.6,no,NA,NA,NA,NA,NA,NA,no,NA,NA,NA,NA,no,0.05,0.01,N,0,0.04670,0.04521,60240,3.88,4.05859375
HapChat,ashk,pacbio,child,chr1,20,realigned,20,44.9,no,NA,NA,NA,NA,NA,NA,no,NA,NA,NA,NA,no,0.05,0.01,N,0,0.26076,1.51749,352650,123.65,16.71875
HapChat,ashk,pacbio,child,chr1,60,realigned,15,91.0,no,NA,NA,NA,NA,NA,NA,no,NA,NA,NA,NA,no,0.05,0.1,N,0,0.25407,1.60591,279900,5.43,3.7890625
HapChat,sim,pacbio,child,chr21,35,realigned,20,10.6,no,NA,NA,NA,NA,NA,NA,no,NA,NA,NA,NA,no,0.05,0.01,N,0,0.02325,0.09031,83640,37.21,20.83203125
HapChat,ashk,pacbio,child,chr21,15,realigned,15,3.0,no,NA,NA,NA,NA,NA,NA,no,NA,NA,NA,NA,no,0.05,0.01,N,0,0.40931,1.56038,51120,3.94,4.12109375
HapChat,ashk,pacbio,child,chr1,35,realigned,20,69.5,no,NA,NA,NA,NA,NA,NA,no,NA,NA,NA,NA,no,0.05,0.1,N,0,0.24638,1.58904,377970,15.66,5.18359375
HapChat,ashk,pacbio,child,chr1,25,realigned,15,46.5,no,NA,NA,NA,NA,NA,NA,no,NA,NA,NA,NA,no,0.05,0.1,N,0,0.25578,1.43635,279750,5.56,3.16796875
HapChat,sim,pacbio,child,chr21,50,realigned,25,19.2,no,NA,NA,NA,NA,NA,NA,no,NA,NA,NA,NA,no,0.05,0.1,N,0,0.05798,0.16924,105510,20.18,18.76953125
HapChat,sim,pacbio,child,chr1,25,realigned,15,43.0,no,NA,NA,NA,NA,NA,NA,no,NA,NA,NA,NA,no,0.05,0.1,N,0,0.04578,0.55436,338520,5.64,3.47265625
HapChat,ashk,pacbio,child,chr21,15,realigned,20,3.8,no,NA,NA,NA,NA,NA,NA,no,NA,NA,NA,NA,no,0.05,0.1,N,0,0.39761,1.51515,64290,2.96,3.88671875
HapChat,ashk,pacbio,child,chr1,50,realigned,15,71.9,no,NA,NA,NA,NA,NA,NA,no,NA,NA,NA,NA,no,0.05,0.01,N,0,0.23482,1.38114,278580,19.49,4.98046875
HapChat,sim,pacbio,child,chr1,20,realigned,15,36.1,no,NA,NA,NA,NA,NA,NA,no,NA,NA,NA,NA,no,0.05,0.1,N,0,0.05461,0.47448,330420,5.52,3.3671875
HapChat,sim,pacbio,child,chr21,45,realigned,25,17.6,no,NA,NA,NA,NA,NA,NA,no,NA,NA,NA,NA,no,0.05,0.01,N,0,0.05802,0.16928,106530,217.59,130.54296875
HapChat,sim,pacbio,child,chr1,50,realigned,25,112.7,no,NA,NA,NA,NA,NA,NA,no,NA,NA,NA,NA,no,0.05,0.1,N,0,0.02170,0.27353,582090,101.65,22.421875
HapChat,ashk,pacbio,child,chr21,35,realigned,20,10.1,no,NA,NA,NA,NA,NA,NA,no,NA,NA,NA,NA,no,0.05,0.01,N,0,0.43058,1.43389,67260,36.22,18.0703125
HapChat,ashk,pacbio,child,chr21,15,realigned,20,3.8,no,NA,NA,NA,NA,NA,NA,no,NA,NA,NA,NA,no,0.05,0.01,N,0,0.40931,1.56038,64290,21.27,13.4140625
HapChat,sim,pacbio,child,chr21,40,realigned,15,9.6,no,NA,NA,NA,NA,NA,NA,no,NA,NA,NA,NA,no,0.05,0.01,N,0,0.03484,0.10158,61650,3.97,4.5
HapChat,sim,pacbio,child,chr21,30,realigned,15,6.9,no,NA,NA,NA,NA,NA,NA,no,NA,NA,NA,NA,no,0.05,0.1,N,0,0.02326,0.58717,63360,1.08,2.84765625
HapChat,sim,pacbio,child,chr1,40,realigned,15,60.2,no,NA,NA,NA,NA,NA,NA,no,NA,NA,NA,NA,no,0.05,0.01,N,0,0.02607,0.25682,350700,20.51,6.87109375
HapChat,sim,pacbio,child,chr1,55,realigned,20,100.7,no,NA,NA,NA,NA,NA,NA,no,NA,NA,NA,NA,no,0.05,0.01,N,0,0.02169,0.27769,472320,195.33,34.515625
HapChat,ashk,pacbio,child,chr1,40,realigned,15,61.7,no,NA,NA,NA,NA,NA,NA,no,NA,NA,NA,NA,no,0.05,0.01,N,0,0.24179,1.45578,281160,20.15,4.8984375
HapChat,sim,pacbio,child,chr1,20,realigned,20,43.7,no,NA,NA,NA,NA,NA,NA,no,NA,NA,NA,NA,no,0.05,0.01,N,0,0.05024,0.32686,412170,128.44,17.8203125
HapChat,ashk,pacbio,child,chr21,45,realigned,20,13.6,no,NA,NA,NA,NA,NA,NA,no,NA,NA,NA,NA,no,0.05,0.1,N,0,0.45307,1.85102,69000,2.92,3.87109375
HapChat,ashk,pacbio,child,chr1,60,realigned,15,91.0,no,NA,NA,NA,NA,NA,NA,no,NA,NA,NA,NA,no,0.05,0.01,N,0,0.24538,1.50275,279780,19.65,6.640625
HapChat,ashk,pacbio,child,chr1,60,realigned,20,108.0,no,NA,NA,NA,NA,NA,NA,no,NA,NA,NA,NA,no,0.05,0.01,N,0,0.24321,1.50064,376080,198.87,35.09765625
HapChat,ashk,pacbio,child,chr21,25,realigned,25,7.7,no,NA,NA,NA,NA,NA,NA,no,NA,NA,NA,NA,no,0.05,0.1,N,0,0.40802,1.20849,87450,17.54,15.99609375
HapChat,sim,pacbio,child,chr21,20,realigned,25,6.4,no,NA,NA,NA,NA,NA,NA,no,NA,NA,NA,NA,no,0.05,0.1,N,0,0.02330,0.58750,97200,18.47,79.5234375
HapChat,sim,pacbio,child,chr21,30,realigned,25,11.2,no,NA,NA,NA,NA,NA,NA,no,NA,NA,NA,NA,no,0.05,0.1,N,0,0.02326,0.58717,104130,21.76,80.8125
HapChat,sim,pacbio,child,chr21,15,realigned,15,3.6,no,NA,NA,NA,NA,NA,NA,no,NA,NA,NA,NA,no,0.05,0.1,N,0,0.07004,0.24867,60540,1.04,2.515625
HapChat,ashk,pacbio,child,chr1,45,realigned,25,110.0,no,NA,NA,NA,NA,NA,NA,no,NA,NA,NA,NA,no,0.05,0.1,N,0,0.24374,1.44476,476760,102.32,44.1796875
HapChat,sim,pacbio,child,chr1,45,realigned,25,117.6,no,NA,NA,NA,NA,NA,NA,no,NA,NA,NA,NA,no,0.05,0.01,N,0,0.01954,0.33462,577980,1088.95,178.2265625
HapChat,ashk,pacbio,child,chr1,50,realigned,20,91.2,no,NA,NA,NA,NA,NA,NA,no,NA,NA,NA,NA,no,0.05,0.1,N,0,0.23918,1.42959,374520,14.86,6.14453125
HapChat,ashk,pacbio,child,chr21,50,realigned,25,16.7,no,NA,NA,NA,NA,NA,NA,no,NA,NA,NA,NA,no,0.05,0.01,N,0,0.45291,2.13318,88560,222.92000000000002,119.125
HapChat,sim,pacbio,child,chr1,60,realigned,25,124.0,no,NA,NA,NA,NA,NA,NA,no,NA,NA,NA,NA,no,0.05,0.1,N,0,0.01951,0.12620,584610,104.9,40.6328125
HapChat,ashk,pacbio,child,chr21,50,realigned,15,11.3,no,NA,NA,NA,NA,NA,NA,no,NA,NA,NA,NA,no,0.05,0.1,N,0,0.45291,2.13318,51240,1.03,2.5390625
HapChat,sim,pacbio,child,chr21,50,realigned,20,15.6,no,NA,NA,NA,NA,NA,NA,no,NA,NA,NA,NA,no,0.05,0.01,N,0,0.05798,0.16924,87480,38.48,23.79296875
HapChat,ashk,pacbio,child,chr21,30,realigned,25,10.2,no,NA,NA,NA,NA,NA,NA,no,NA,NA,NA,NA,no,0.05,0.1,N,0,0.39604,1.19706,88530,17.16,10.77734375
HapChat,sim,pacbio,child,chr21,50,realigned,15,12.1,no,NA,NA,NA,NA,NA,NA,no,NA,NA,NA,NA,no,0.05,0.1,N,0,0.05798,0.16924,65550,1.03,2.83984375
HapChat,ashk,pacbio,child,chr1,20,realigned,15,37.8,no,NA,NA,NA,NA,NA,NA,no,NA,NA,NA,NA,no,0.05,0.1,N,0,0.26296,1.62090,274830,5.4,2.921875
HapChat,sim,pacbio,child,chr1,25,realigned,20,53.1,no,NA,NA,NA,NA,NA,NA,no,NA,NA,NA,NA,no,0.05,0.01,N,0,0.03488,0.34989,439620,161.38,21.83984375
HapChat,sim,pacbio,child,chr1,50,realigned,25,112.7,no,NA,NA,NA,NA,NA,NA,no,NA,NA,NA,NA,no,0.05,0.01,N,0,0.01953,0.27143,582090,1075.39,177.265625
HapChat,ashk,pacbio,child,chr1,40,realigned,25,103.9,no,NA,NA,NA,NA,NA,NA,no,NA,NA,NA,NA,no,0.05,0.1,N,0,0.24179,1.45157,478140,99.57,40.94921875
HapChat,sim,pacbio,child,chr21,45,realigned,25,17.6,no,NA,NA,NA,NA,NA,NA,no,NA,NA,NA,NA,no,0.05,0.1,N,0,0.05802,0.16928,106530,22.99,47.30078125
HapChat,sim,pacbio,child,chr21,35,realigned,20,10.6,no,NA,NA,NA,NA,NA,NA,no,NA,NA,NA,NA,no,0.05,0.1,N,0,0.02325,0.09031,83640,3.09,7.46484375
HapChat,ashk,pacbio,child,chr1,35,realigned,25,93.5,no,NA,NA,NA,NA,NA,NA,no,NA,NA,NA,NA,no,0.05,0.1,N,0,0.24420,1.50685,477270,94.18,16.03125
HapChat,sim,pacbio,child,chr1,25,realigned,25,62.1,no,NA,NA,NA,NA,NA,NA,no,NA,NA,NA,NA,no,0.05,0.01,N,0,0.03488,0.34989,519510,969.1,104.265625
HapChat,ashk,pacbio,child,chr1,45,realigned,15,67.1,no,NA,NA,NA,NA,NA,NA,no,NA,NA,NA,NA,no,0.05,0.1,N,0,0.24809,1.45318,281040,5.9,3.07421875
HapChat,ashk,pacbio,child,chr1,30,realigned,20,61.8,no,NA,NA,NA,NA,NA,NA,no,NA,NA,NA,NA,no,0.05,0.01,N,0,0.24449,1.27329,379500,172.99,20.47265625
HapChat,ashk,pacbio,child,chr1,35,realigned,20,69.5,no,NA,NA,NA,NA,NA,NA,no,NA,NA,NA,NA,no,0.05,0.01,N,0,0.24202,1.50474,377940,185.46,21.5234375
HapChat,ashk,pacbio,child,chr21,50,realigned,20,15.6,no,NA,NA,NA,NA,NA,NA,no,NA,NA,NA,NA,no,0.05,0.01,N,0,0.45291,2.13318,69900,37.86,18.5234375
HapChat,ashk,pacbio,child,chr1,35,realigned,25,93.5,no,NA,NA,NA,NA,NA,NA,no,NA,NA,NA,NA,no,0.05,0.01,N,0,0.24202,1.50474,477270,1110.24,127.75
HapChat,ashk,pacbio,child,chr21,25,realigned,15,5.6,no,NA,NA,NA,NA,NA,NA,no,NA,NA,NA,NA,no,0.05,0.1,N,0,0.40802,1.20849,51330,1.05,2.62109375
HapChat,ashk,pacbio,child,chr21,15,realigned,25,4.2,no,NA,NA,NA,NA,NA,NA,no,NA,NA,NA,NA,no,0.05,0.01,N,0,0.40931,1.56038,71490,81.27,51.5078125
HapChat,sim,pacbio,child,chr1,45,realigned,20,86.1,no,NA,NA,NA,NA,NA,NA,no,NA,NA,NA,NA,no,0.05,0.01,N,0,0.01954,0.33462,468330,205.36,34.1953125
HapChat,ashk,pacbio,child,chr21,20,realigned,20,5.1,no,NA,NA,NA,NA,NA,NA,no,NA,NA,NA,NA,no,0.05,0.1,N,0,0.38538,1.18684,70470,3.49,4.0234375
HapChat,ashk,pacbio,child,chr1,60,realigned,20,108.0,no,NA,NA,NA,NA,NA,NA,no,NA,NA,NA,NA,no,0.05,0.1,N,0,0.24756,1.54698,376170,13.8,6.05859375
HapChat,sim,pacbio,child,chr1,15,realigned,15,30.5,no,NA,NA,NA,NA,NA,NA,no,NA,NA,NA,NA,no,0.05,0.1,N,0,0.06795,0.81061,303450,4.63,3.109375
HapChat,ashk,pacbio,child,chr21,20,realigned,15,4.3,no,NA,NA,NA,NA,NA,NA,no,NA,NA,NA,NA,no,0.05,0.01,N,0,0.38538,1.18684,53070,4.02,4.12890625
HapChat,ashk,pacbio,child,chr1,25,realigned,15,46.5,no,NA,NA,NA,NA,NA,NA,no,NA,NA,NA,NA,no,0.05,0.01,N,0,0.26234,1.44689,279720,20.27,5.07421875
HapChat,sim,pacbio,child,chr1,50,realigned,15,71.5,no,NA,NA,NA,NA,NA,NA,no,NA,NA,NA,NA,no,0.05,0.1,N,0,0.02170,0.27353,354660,5.52,3.7890625
HapChat,sim,pacbio,child,chr1,60,realigned,25,124.0,no,NA,NA,NA,NA,NA,NA,no,NA,NA,NA,NA,no,0.05,0.01,N,0,0.01734,0.12410,584610,1047.29,175.80859375
HapChat,sim,pacbio,child,chr1,40,realigned,15,60.2,no,NA,NA,NA,NA,NA,NA,no,NA,NA,NA,NA,no,0.05,0.1,N,0,0.02607,0.25682,350700,5.57,3.78515625
HapChat,sim,pacbio,child,chr21,25,realigned,25,8.5,no,NA,NA,NA,NA,NA,NA,no,NA,NA,NA,NA,no,0.05,0.01,N,0,0.03492,0.59867,104190,224.23,115.265625
HapChat,sim,pacbio,child,chr1,40,realigned,25,92.2,no,NA,NA,NA,NA,NA,NA,no,NA,NA,NA,NA,no,0.05,0.01,N,0,0.02607,0.25682,574230,1083.7,189.03125
HapChat,ashk,pacbio,child,chr1,55,realigned,15,77.7,no,NA,NA,NA,NA,NA,NA,no,NA,NA,NA,NA,no,0.05,0.01,N,0,0.23904,1.48402,278730,19.99,4.8984375
HapChat,ashk,pacbio,child,chr21,50,realigned,25,16.7,no,NA,NA,NA,NA,NA,NA,no,NA,NA,NA,NA,no,0.05,0.1,N,0,0.45291,2.13318,88560,19.41,14.9140625
HapChat,sim,pacbio,child,chr21,50,realigned,15,12.1,no,NA,NA,NA,NA,NA,NA,no,NA,NA,NA,NA,no,0.05,0.01,N,0,0.05798,0.16924,65550,3.93,4.66796875
HapChat,ashk,pacbio,child,chr1,60,realigned,25,132.9,no,NA,NA,NA,NA,NA,NA,no,NA,NA,NA,NA,no,0.05,0.01,N,0,0.24104,1.49854,473430,1072.99,179.99609375
HapChat,sim,pacbio,child,chr1,55,realigned,15,73.9,no,NA,NA,NA,NA,NA,NA,no,NA,NA,NA,NA,no,0.05,0.1,N,0,0.02385,0.27979,357480,5.39,3.78515625
HapChat,sim,pacbio,child,chr21,20,realigned,20,5.6,no,NA,NA,NA,NA,NA,NA,no,NA,NA,NA,NA,no,0.05,0.1,N,0,0.02330,0.58750,80340,3.35,7.60546875
HapChat,sim,pacbio,child,chr1,30,realigned,15,51.5,no,NA,NA,NA,NA,NA,NA,no,NA,NA,NA,NA,no,0.05,0.01,N,0,0.02829,0.32644,344460,20.63,5.44140625
HapChat,sim,pacbio,child,chr21,45,realigned,15,11.4,no,NA,NA,NA,NA,NA,NA,no,NA,NA,NA,NA,no,0.05,0.1,N,0,0.05802,0.16928,65490,1.05,2.59375
HapChat,ashk,pacbio,child,chr21,40,realigned,20,11.4,no,NA,NA,NA,NA,NA,NA,no,NA,NA,NA,NA,no,0.05,0.1,N,0,0.44181,1.43357,68790,3.02,4.06640625
HapChat,sim,pacbio,child,chr1,35,realigned,15,58.9,no,NA,NA,NA,NA,NA,NA,no,NA,NA,NA,NA,no,0.05,0.01,N,0,0.02826,0.26948,351960,19.74,6.875
HapChat,sim,pacbio,child,chr1,55,realigned,20,100.7,no,NA,NA,NA,NA,NA,NA,no,NA,NA,NA,NA,no,0.05,0.1,N,0,0.02385,0.27979,472320,14.4,6.58203125
HapChat,ashk,pacbio,child,chr1,40,realigned,15,61.7,no,NA,NA,NA,NA,NA,NA,no,NA,NA,NA,NA,no,0.05,0.1,N,0,0.25050,1.49581,281460,5.42,3.5
HapChat,sim,pacbio,child,chr21,15,realigned,20,4.3,no,NA,NA,NA,NA,NA,NA,no,NA,NA,NA,NA,no,0.05,0.01,N,0,0.04670,0.04521,74310,22.88,11.7421875
HapChat,sim,pacbio,child,chr1,20,realigned,25,49.3,no,NA,NA,NA,NA,NA,NA,no,NA,NA,NA,NA,no,0.05,0.01,N,0,0.05024,0.32686,462270,584.93,80.703125
HapChat,ashk,pacbio,child,chr1,30,realigned,25,75.8,no,NA,NA,NA,NA,NA,NA,no,NA,NA,NA,NA,no,0.05,0.01,N,0,0.24231,1.27119,470430,1058.75,126.42578125
HapChat,sim,pacbio,child,chr21,25,realigned,15,6.1,no,NA,NA,NA,NA,NA,NA,no,NA,NA,NA,NA,no,0.05,0.1,N,0,0.03492,0.59867,63420,1.1,2.8671875
HapChat,sim,pacbio,child,chr1,50,realigned,20,91.7,no,NA,NA,NA,NA,NA,NA,no,NA,NA,NA,NA,no,0.05,0.1,N,0,0.02170,0.27353,471090,14.83,6.47265625
HapChat,ashk,pacbio,child,chr21,35,realigned,15,7.4,no,NA,NA,NA,NA,NA,NA,no,NA,NA,NA,NA,no,0.05,0.1,N,0,0.43058,1.43389,49830,1.06,2.53515625
HapChat,ashk,pacbio,child,chr21,45,realigned,15,9.7,no,NA,NA,NA,NA,NA,NA,no,NA,NA,NA,NA,no,0.05,0.1,N,0,0.44145,2.13318,51240,1.03,2.5390625
HapChat,ashk,pacbio,child,chr21,25,realigned,25,7.7,no,NA,NA,NA,NA,NA,NA,no,NA,NA,NA,NA,no,0.05,0.01,N,0,0.39641,1.19747,87450,218.57,118.55859375
HapChat,sim,pacbio,child,chr1,45,realigned,15,69.9,no,NA,NA,NA,NA,NA,NA,no,NA,NA,NA,NA,no,0.05,0.01,N,0,0.01954,0.33462,355200,20.06,6.61328125
HapChat,ashk,pacbio,child,chr21,25,realigned,20,7.1,no,NA,NA,NA,NA,NA,NA,no,NA,NA,NA,NA,no,0.05,0.01,N,0,0.39641,1.19747,70470,33.41,17.1875
HapChat,ashk,pacbio,child,chr1,15,realigned,20,33.3,no,NA,NA,NA,NA,NA,NA,no,NA,NA,NA,NA,no,0.05,0.1,N,0,0.28799,1.68220,300870,10.59,3.96875
HapChat,ashk,pacbio,child,chr1,20,realigned,15,37.8,no,NA,NA,NA,NA,NA,NA,no,NA,NA,NA,NA,no,0.05,0.01,N,0,0.26076,1.51960,274650,19.76,4.7265625
HapChat,ashk,pacbio,child,chr1,25,realigned,20,54.7,no,NA,NA,NA,NA,NA,NA,no,NA,NA,NA,NA,no,0.05,0.01,N,0,0.25796,1.46587,371100,156.76,18.96484375
HapChat,ashk,pacbio,child,chr21,40,realigned,15,8.5,no,NA,NA,NA,NA,NA,NA,no,NA,NA,NA,NA,no,0.05,0.01,N,0,0.43018,1.71577,50760,3.99,3.8671875
HapChat,ashk,pacbio,child,chr1,55,realigned,25,117.0,no,NA,NA,NA,NA,NA,NA,no,NA,NA,NA,NA,no,0.05,0.1,N,0,0.24556,1.57457,471660,104.78,46.6796875
HapChat,ashk,pacbio,child,chr1,40,realigned,25,103.9,no,NA,NA,NA,NA,NA,NA,no,NA,NA,NA,NA,no,0.05,0.01,N,0,0.23961,1.44946,478140,1121.38,128.1015625
HapChat,sim,pacbio,child,chr21,25,realigned,20,7.7,no,NA,NA,NA,NA,NA,NA,no,NA,NA,NA,NA,no,0.05,0.1,N,0,0.03492,0.59867,84060,3.02,4.28125
HapChat,sim,pacbio,child,chr1,60,realigned,20,115.1,no,NA,NA,NA,NA,NA,NA,no,NA,NA,NA,NA,no,0.05,0.01,N,0,0.01734,0.12410,473190,194.94,35.76953125
HapChat,sim,pacbio,child,chr1,50,realigned,20,91.7,no,NA,NA,NA,NA,NA,NA,no,NA,NA,NA,NA,no,0.05,0.01,N,0,0.01953,0.27143,471090,194.14,35.4140625
HapChat,ashk,pacbio,child,chr21,35,realigned,20,10.1,no,NA,NA,NA,NA,NA,NA,no,NA,NA,NA,NA,no,0.05,0.1,N,0,0.43058,1.43389,67260,3.13,4.00390625
HapChat,ashk,pacbio,child,chr1,25,realigned,25,65.0,no,NA,NA,NA,NA,NA,NA,no,NA,NA,NA,NA,no,0.05,0.01,N,0,0.25796,1.46587,447960,941.92,119.171875
HapChat,sim,pacbio,child,chr1,35,realigned,20,71.5,no,NA,NA,NA,NA,NA,NA,no,NA,NA,NA,NA,no,0.05,0.01,N,0,0.02826,0.26948,460800,180.42,33.40234375
HapChat,ashk,pacbio,child,chr21,50,realigned,20,15.6,no,NA,NA,NA,NA,NA,NA,no,NA,NA,NA,NA,no,0.05,0.1,N,0,0.45291,2.13318,69900,3.11,5.0390625
HapChat,ashk,pacbio,child,chr1,60,realigned,25,132.9,no,NA,NA,NA,NA,NA,NA,no,NA,NA,NA,NA,no,0.05,0.1,N,0,0.24539,1.54487,473520,103.2,19.98828125
HapChat,sim,pacbio,child,chr21,30,realigned,20,9.5,no,NA,NA,NA,NA,NA,NA,no,NA,NA,NA,NA,no,0.05,0.1,N,0,0.02326,0.58717,84360,3.04,5.31640625
HapChat,ashk,pacbio,child,chr1,30,realigned,15,49.1,no,NA,NA,NA,NA,NA,NA,no,NA,NA,NA,NA,no,0.05,0.1,N,0,0.25104,1.40821,281400,5.55,3.15234375
HapChat,ashk,pacbio,child,chr1,55,realigned,25,117.0,no,NA,NA,NA,NA,NA,NA,no,NA,NA,NA,NA,no,0.05,0.01,N,0,0.24121,1.51770,471600,1091.48,133.609375
HapChat,sim,pacbio,child,chr21,25,realigned,25,8.5,no,NA,NA,NA,NA,NA,NA,no,NA,NA,NA,NA,no,0.05,0.1,N,0,0.03492,0.59867,104190,19.34,60.640625
HapChat,sim,pacbio,child,chr21,40,realigned,15,9.6,no,NA,NA,NA,NA,NA,NA,no,NA,NA,NA,NA,no,0.05,0.1,N,0,0.03484,0.10158,61650,1.08,2.59375
HapChat,sim,pacbio,child,chr1,60,realigned,15,82.5,no,NA,NA,NA,NA,NA,NA,no,NA,NA,NA,NA,no,0.05,0.01,N,0,0.01734,0.12410,357630,20.07,6.875
HapChat,ashk,pacbio,child,chr1,45,realigned,25,110.0,no,NA,NA,NA,NA,NA,NA,no,NA,NA,NA,NA,no,0.05,0.01,N,0,0.24373,1.47211,476730,1146.57,123.0625
HapChat,ashk,pacbio,child,chr1,25,realigned,25,65.0,no,NA,NA,NA,NA,NA,NA,no,NA,NA,NA,NA,no,0.05,0.1,N,0,0.25796,1.45955,448050,83.78999999999999,89.03515625
HapChat,ashk,pacbio,child,chr1,55,realigned,20,98.1,no,NA,NA,NA,NA,NA,NA,no,NA,NA,NA,NA,no,0.05,0.1,N,0,0.24773,1.53668,376650,14.17,4.671875
HapChat,sim,pacbio,child,chr1,30,realigned,15,51.5,no,NA,NA,NA,NA,NA,NA,no,NA,NA,NA,NA,no,0.05,0.1,N,0,0.03482,0.36857,344610,5.59,3.40625
HapChat,sim,pacbio,child,chr1,40,realigned,20,87.6,no,NA,NA,NA,NA,NA,NA,no,NA,NA,NA,NA,no,0.05,0.01,N,0,0.02607,0.25682,463350,190.27,34.44921875
HapChat,sim,pacbio,child,chr21,45,realigned,20,14.2,no,NA,NA,NA,NA,NA,NA,no,NA,NA,NA,NA,no,0.05,0.1,N,0,0.05802,0.16928,85380,2.88,5.04296875
WhatsHap,ashk,pacbio,child,chr21,45,realigned,15,12.6,no,NA,NA,NA,NA,NA,NA,no,NA,NA,NA,NA,no,NA,NA,NA,NA,0.44150,2.13342,51240,79.1,245.9453125
WhatsHap,ashk,pacbio,child,chr1,45,realigned,15,76.4,no,NA,NA,NA,NA,NA,NA,no,NA,NA,NA,NA,no,NA,NA,NA,NA,0.25464,1.59235,281010,378.8,952.703125
WhatsHap,ashk,pacbio,child,chr1,30,realigned,15,54.0,no,NA,NA,NA,NA,NA,NA,no,NA,NA,NA,NA,no,NA,NA,NA,NA,0.25760,1.54537,281100,366.5,931.3828125
WhatsHap,ashk,pacbio,child,chr1,15,realigned,15,40.3,no,NA,NA,NA,NA,NA,NA,no,NA,NA,NA,NA,no,NA,NA,NA,NA,0.28585,1.51980,257640,222.9,929.75
WhatsHap,sim,pacbio,child,chr21,30,realigned,15,8.4,no,NA,NA,NA,NA,NA,NA,no,NA,NA,NA,NA,no,NA,NA,NA,NA,0.01163,0.01129,63300,74.2,220.703125
WhatsHap,sim,pacbio,child,chr21,45,realigned,15,14.3,no,NA,NA,NA,NA,NA,NA,no,NA,NA,NA,NA,no,NA,NA,NA,NA,0.05802,0.39499,65490,80.3,244.73046875
WhatsHap,ashk,pacbio,child,chr21,40,realigned,15,10.4,no,NA,NA,NA,NA,NA,NA,no,NA,NA,NA,NA,no,NA,NA,NA,NA,0.41860,1.70467,50760,78.4,237.2109375
WhatsHap,ashk,pacbio,child,chr21,20,realigned,15,5.5,no,NA,NA,NA,NA,NA,NA,no,NA,NA,NA,NA,no,NA,NA,NA,NA,0.37379,1.17594,53070,71.1,197.67578125
WhatsHap,sim,pacbio,child,chr1,25,realigned,15,53.3,no,NA,NA,NA,NA,NA,NA,no,NA,NA,NA,NA,no,NA,NA,NA,NA,0.03488,0.42154,338340,373.9,930.5703125
WhatsHap,ashk,pacbio,child,chr21,35,realigned,15,10.4,no,NA,NA,NA,NA,NA,NA,no,NA,NA,NA,NA,no,NA,NA,NA,NA,0.44222,1.45648,49830,76.8,228.54296875
WhatsHap,sim,pacbio,child,chr1,20,realigned,15,49.4,no,NA,NA,NA,NA,NA,NA,no,NA,NA,NA,NA,no,NA,NA,NA,NA,0.04150,0.42175,330330,334.8,929.72265625
WhatsHap,sim,pacbio,child,chr21,25,realigned,15,7.0,no,NA,NA,NA,NA,NA,NA,no,NA,NA,NA,NA,no,NA,NA,NA,NA,0.03492,0.59867,63420,72.6,210.81640625
WhatsHap,sim,pacbio,child,chr21,20,realigned,15,5.6,no,NA,NA,NA,NA,NA,NA,no,NA,NA,NA,NA,no,NA,NA,NA,NA,0.03495,0.61010,61590,68.2,201.38671875
WhatsHap,sim,pacbio,child,chr1,15,realigned,15,34.7,no,NA,NA,NA,NA,NA,NA,no,NA,NA,NA,NA,no,NA,NA,NA,NA,0.06357,0.58899,303180,231.1,929.55859375
WhatsHap,sim,pacbio,child,chr1,60,realigned,15,90.6,no,NA,NA,NA,NA,NA,NA,no,NA,NA,NA,NA,no,NA,NA,NA,NA,0.01951,0.16617,357630,394.2,1039.85546875
WhatsHap,sim,pacbio,child,chr1,40,realigned,15,65.8,no,NA,NA,NA,NA,NA,NA,no,NA,NA,NA,NA,no,NA,NA,NA,NA,0.02607,0.23998,350700,390.4,932.046875
WhatsHap,ashk,pacbio,child,chr1,35,realigned,15,65.7,no,NA,NA,NA,NA,NA,NA,no,NA,NA,NA,NA,no,NA,NA,NA,NA,0.25293,1.58282,279930,369.3,931.58203125
WhatsHap,sim,pacbio,child,chr1,35,realigned,15,61.6,no,NA,NA,NA,NA,NA,NA,no,NA,NA,NA,NA,no,NA,NA,NA,NA,0.03261,0.34107,351960,379.1,931.58203125
WhatsHap,ashk,pacbio,child,chr1,40,realigned,15,66.3,no,NA,NA,NA,NA,NA,NA,no,NA,NA,NA,NA,no,NA,NA,NA,NA,0.25487,1.63706,281160,386.5,931.8984375
WhatsHap,sim,pacbio,child,chr1,30,realigned,15,53.3,no,NA,NA,NA,NA,NA,NA,no,NA,NA,NA,NA,no,NA,NA,NA,NA,0.03482,0.43385,344460,373.5,930.80859375
WhatsHap,ashk,pacbio,child,chr21,15,realigned,15,3.8,no,NA,NA,NA,NA,NA,NA,no,NA,NA,NA,NA,no,NA,NA,NA,NA,0.38596,1.19869,51030,59.0,197.53125
WhatsHap,sim,pacbio,child,chr21,35,realigned,15,10.2,no,NA,NA,NA,NA,NA,NA,no,NA,NA,NA,NA,no,NA,NA,NA,NA,0.02325,0.09031,62760,78.0,230.84375
WhatsHap,sim,pacbio,child,chr1,50,realigned,15,75.2,no,NA,NA,NA,NA,NA,NA,no,NA,NA,NA,NA,no,NA,NA,NA,NA,0.01953,0.77643,354660,387.1,932.80078125
WhatsHap,ashk,pacbio,child,chr21,30,realigned,15,8.7,no,NA,NA,NA,NA,NA,NA,no,NA,NA,NA,NA,no,NA,NA,NA,NA,0.39604,1.19706,50430,74.5,218.74609375
WhatsHap,sim,pacbio,child,chr21,50,realigned,15,15.0,no,NA,NA,NA,NA,NA,NA,no,NA,NA,NA,NA,no,NA,NA,NA,NA,0.03479,0.14669,65550,81.7,250.890625
WhatsHap,ashk,pacbio,child,chr1,20,realigned,15,42.4,no,NA,NA,NA,NA,NA,NA,no,NA,NA,NA,NA,no,NA,NA,NA,NA,0.26737,1.50498,274650,315.0,930.99609375
WhatsHap,sim,pacbio,child,chr21,40,realigned,15,11.5,no,NA,NA,NA,NA,NA,NA,no,NA,NA,NA,NA,no,NA,NA,NA,NA,0.02323,0.09029,61650,80.4,238.10546875
WhatsHap,ashk,pacbio,child,chr1,50,realigned,15,76.9,no,NA,NA,NA,NA,NA,NA,no,NA,NA,NA,NA,no,NA,NA,NA,NA,0.24353,1.51598,278580,382.9,1007.21484375
WhatsHap,ashk,pacbio,child,chr1,60,realigned,15,92.8,no,NA,NA,NA,NA,NA,NA,no,NA,NA,NA,NA,no,NA,NA,NA,NA,0.26059,1.57437,279750,401.4,1073.49609375
WhatsHap,sim,pacbio,child,chr1,55,realigned,15,92.2,no,NA,NA,NA,NA,NA,NA,no,NA,NA,NA,NA,no,NA,NA,NA,NA,0.02386,0.76368,357480,407.5,996.39453125
WhatsHap,sim,pacbio,child,chr1,45,realigned,15,68.7,no,NA,NA,NA,NA,NA,NA,no,NA,NA,NA,NA,no,NA,NA,NA,NA,0.02388,0.31990,355200,393.3,932.50390625
WhatsHap,ashk,pacbio,child,chr21,25,realigned,15,6.6,no,NA,NA,NA,NA,NA,NA,no,NA,NA,NA,NA,no,NA,NA,NA,NA,0.39646,1.19774,51330,77.3,208.1796875
WhatsHap,ashk,pacbio,child,chr1,25,realigned,15,55.3,no,NA,NA,NA,NA,NA,NA,no,NA,NA,NA,NA,no,NA,NA,NA,NA,0.25363,1.50828,279660,363.1,930.8515625
WhatsHap,sim,pacbio,child,chr21,15,realigned,15,4.1,no,NA,NA,NA,NA,NA,NA,no,NA,NA,NA,NA,no,NA,NA,NA,NA,0.04670,0.04521,60240,62.8,197.49609375
WhatsHap,ashk,pacbio,child,chr21,50,realigned,15,13.9,no,NA,NA,NA,NA,NA,NA,no,NA,NA,NA,NA,no,NA,NA,NA,NA,0.45296,2.13342,51240,86.5,255.6640625
WhatsHap,ashk,pacbio,child,chr1,55,realigned,15,83.3,no,NA,NA,NA,NA,NA,NA,no,NA,NA,NA,NA,no,NA,NA,NA,NA,0.24556,1.49882,278700,403.6,1042.66796875
HapCol,ashk,pacbio,child,chr21,45,realigned,15,9.7,no,NA,NA,NA,NA,NA,NA,no,NA,NA,NA,NA,no,NA,NA,NA,NA,0.44145,2.13318,51240,3.93,4.39453125
HapCol,ashk,pacbio,child,chr1,45,realigned,15,67.1,no,NA,NA,NA,NA,NA,NA,no,NA,NA,NA,NA,no,NA,NA,NA,NA,0.24808,1.48053,281010,20.3,5.2734375
HapCol,ashk,pacbio,child,chr1,30,realigned,15,49.1,no,NA,NA,NA,NA,NA,NA,no,NA,NA,NA,NA,no,NA,NA,NA,NA,0.24667,1.27962,281190,20.15,5.140625
HapCol,ashk,pacbio,child,chr1,15,realigned,15,29.9,no,NA,NA,NA,NA,NA,NA,no,NA,NA,NA,NA,no,NA,NA,NA,NA,0.27482,1.44983,257670,16.22,4.87890625
HapCol,sim,pacbio,child,chr21,30,realigned,15,6.9,no,NA,NA,NA,NA,NA,NA,no,NA,NA,NA,NA,no,NA,NA,NA,NA,0.02326,0.58717,63360,3.9,4.70703125
HapCol,sim,pacbio,child,chr21,45,realigned,15,11.4,no,NA,NA,NA,NA,NA,NA,no,NA,NA,NA,NA,no,NA,NA,NA,NA,0.05802,0.16928,65490,3.9,5.05859375
HapCol,ashk,pacbio,child,chr21,40,realigned,15,8.5,no,NA,NA,NA,NA,NA,NA,no,NA,NA,NA,NA,no,NA,NA,NA,NA,0.43018,1.71577,50760,3.94,4.25
HapCol,ashk,pacbio,child,chr21,20,realigned,15,4.3,no,NA,NA,NA,NA,NA,NA,no,NA,NA,NA,NA,no,NA,NA,NA,NA,0.38538,1.18684,53070,4.02,4.265625
HapCol,sim,pacbio,child,chr1,25,realigned,15,43.0,no,NA,NA,NA,NA,NA,NA,no,NA,NA,NA,NA,no,NA,NA,NA,NA,0.03488,0.34989,338340,19.95,5.73046875
HapCol,ashk,pacbio,child,chr21,35,realigned,15,7.4,no,NA,NA,NA,NA,NA,NA,no,NA,NA,NA,NA,no,NA,NA,NA,NA,0.43058,1.43389,49830,3.96,4.3359375
HapCol,sim,pacbio,child,chr1,20,realigned,15,36.1,no,NA,NA,NA,NA,NA,NA,no,NA,NA,NA,NA,no,NA,NA,NA,NA,0.05243,0.48713,330330,68.37,10.125
HapCol,sim,pacbio,child,chr21,25,realigned,15,6.1,no,NA,NA,NA,NA,NA,NA,no,NA,NA,NA,NA,no,NA,NA,NA,NA,0.03492,0.59867,63420,3.99,4.7578125
HapCol,sim,pacbio,child,chr21,20,realigned,15,4.8,no,NA,NA,NA,NA,NA,NA,no,NA,NA,NA,NA,no,NA,NA,NA,NA,0.02330,0.58750,61590,3.86,4.10546875
HapCol,sim,pacbio,child,chr1,15,realigned,15,30.5,no,NA,NA,NA,NA,NA,NA,no,NA,NA,NA,NA,no,NA,NA,NA,NA,0.06795,0.52773,303210,16.57,4.9609375
HapCol,sim,pacbio,child,chr1,60,realigned,15,82.5,no,NA,NA,NA,NA,NA,NA,no,NA,NA,NA,NA,no,NA,NA,NA,NA,0.01734,0.12410,357630,19.97,7.08984375
HapCol,sim,pacbio,child,chr1,40,realigned,15,60.2,no,NA,NA,NA,NA,NA,NA,no,NA,NA,NA,NA,no,NA,NA,NA,NA,0.02607,0.25682,350700,19.61,7.07421875
HapCol,ashk,pacbio,child,chr1,35,realigned,15,56.6,no,NA,NA,NA,NA,NA,NA,no,NA,NA,NA,NA,no,NA,NA,NA,NA,0.24638,1.50896,279930,19.54,5.13671875
HapCol,sim,pacbio,child,chr1,35,realigned,15,58.9,no,NA,NA,NA,NA,NA,NA,no,NA,NA,NA,NA,no,NA,NA,NA,NA,0.02826,0.26948,351960,19.65,7.21484375
HapCol,ashk,pacbio,child,chr1,40,realigned,15,61.7,no,NA,NA,NA,NA,NA,NA,no,NA,NA,NA,NA,no,NA,NA,NA,NA,0.24179,1.45578,281160,20.06,5.1640625
HapCol,sim,pacbio,child,chr1,30,realigned,15,51.5,no,NA,NA,NA,NA,NA,NA,no,NA,NA,NA,NA,no,NA,NA,NA,NA,0.02829,0.32644,344460,20.32,5.76953125
HapCol,ashk,pacbio,child,chr21,15,realigned,15,3.0,no,NA,NA,NA,NA,NA,NA,no,NA,NA,NA,NA,no,NA,NA,NA,NA,0.40931,1.56038,51120,3.69,4.34375
HapCol,sim,pacbio,child,chr21,35,realigned,15,8.5,no,NA,NA,NA,NA,NA,NA,no,NA,NA,NA,NA,no,NA,NA,NA,NA,0.02325,0.09031,62760,3.86,4.703125
HapCol,sim,pacbio,child,chr1,50,realigned,15,71.5,no,NA,NA,NA,NA,NA,NA,no,NA,NA,NA,NA,no,NA,NA,NA,NA,0.01736,0.26933,354660,62.85,13.55078125
HapCol,ashk,pacbio,child,chr21,30,realigned,15,6.7,no,NA,NA,NA,NA,NA,NA,no,NA,NA,NA,NA,no,NA,NA,NA,NA,0.39604,1.19706,50430,3.99,4.38671875
HapCol,sim,pacbio,child,chr21,50,realigned,15,12.1,no,NA,NA,NA,NA,NA,NA,no,NA,NA,NA,NA,no,NA,NA,NA,NA,0.05798,0.16924,65550,3.9,4.9765625
HapCol,ashk,pacbio,child,chr1,20,realigned,15,37.8,no,NA,NA,NA,NA,NA,NA,no,NA,NA,NA,NA,no,NA,NA,NA,NA,0.26076,1.51960,274650,19.41,5.0703125
HapCol,sim,pacbio,child,chr21,40,realigned,15,9.6,no,NA,NA,NA,NA,NA,NA,no,NA,NA,NA,NA,no,NA,NA,NA,NA,0.03484,0.10158,61650,3.96,4.96484375
HapCol,ashk,pacbio,child,chr1,50,realigned,15,71.9,no,NA,NA,NA,NA,NA,NA,no,NA,NA,NA,NA,no,NA,NA,NA,NA,0.23482,1.38114,278580,19.78,5.18359375
HapCol,ashk,pacbio,child,chr1,60,realigned,15,91.0,no,NA,NA,NA,NA,NA,NA,no,NA,NA,NA,NA,no,NA,NA,NA,NA,0.24538,1.50275,279780,19.74,7.1328125
HapCol,sim,pacbio,child,chr1,55,realigned,15,73.9,no,NA,NA,NA,NA,NA,NA,no,NA,NA,NA,NA,no,NA,NA,NA,NA,0.02169,0.27769,357480,64.73,13.7734375
HapCol,sim,pacbio,child,chr1,45,realigned,15,69.9,no,NA,NA,NA,NA,NA,NA,no,NA,NA,NA,NA,no,NA,NA,NA,NA,0.01954,0.33462,355200,19.89,7.08984375
HapCol,ashk,pacbio,child,chr21,25,realigned,15,5.6,no,NA,NA,NA,NA,NA,NA,no,NA,NA,NA,NA,no,NA,NA,NA,NA,0.39641,1.19747,51330,3.86,4.2265625
HapCol,ashk,pacbio,child,chr1,25,realigned,15,46.5,no,NA,NA,NA,NA,NA,NA,no,NA,NA,NA,NA,no,NA,NA,NA,NA,0.26234,1.44689,279720,19.77,5.25
HapCol,sim,pacbio,child,chr21,15,realigned,15,3.6,no,NA,NA,NA,NA,NA,NA,no,NA,NA,NA,NA,no,NA,NA,NA,NA,0.04670,0.04521,60240,3.69,4.37109375
HapCol,ashk,pacbio,child,chr21,50,realigned,15,11.3,no,NA,NA,NA,NA,NA,NA,no,NA,NA,NA,NA,no,NA,NA,NA,NA,0.45291,2.13318,51240,3.98,4.51171875
HapCol,ashk,pacbio,child,chr1,55,realigned,15,77.7,no,NA,NA,NA,NA,NA,NA,no,NA,NA,NA,NA,no,NA,NA,NA,NA,0.23904,1.48402,278730,19.58,5.16796875
