#dataset,raw/realigned,whatshap_downsample,random_downsample,epsilon_alpha,time(secs),mem(kB),swerr(%)
ashk.pacbio.child.chr1.cov10,raw,hN,downs_s1_m15,05_0001,44.76,8160,1.66
ashk.pacbio.child.chr1.cov10,raw,hN,downs_s1_m15,05_001,21.40,5416,1.58
ashk.pacbio.child.chr1.cov10,raw,hN,downs_s1_m15,05_01,8.52,3648,1.78
ashk.pacbio.child.chr1.cov10,raw,hN,downs_s1_m15,05_1,5.35,3136,2.26
ashk.pacbio.child.chr1.cov10,raw,hN,downs_s1_m20,05_0001,118.85,35060,1.62
ashk.pacbio.child.chr1.cov10,raw,hN,downs_s1_m20,05_001,49.15,16856,1.55
ashk.pacbio.child.chr1.cov10,raw,hN,downs_s1_m20,05_01,16.32,7452,1.72
ashk.pacbio.child.chr1.cov10,raw,hN,downs_s1_m20,05_1,13.43,10056,2.25
ashk.pacbio.child.chr1.cov10,realigned,hN,downs_s1_m15,05_0001,51.23,9512,0.31
ashk.pacbio.child.chr1.cov10,realigned,hN,downs_s1_m15,05_001,25.21,6168,0.31
ashk.pacbio.child.chr1.cov10,realigned,hN,downs_s1_m15,05_01,9.46,3696,0.31
ashk.pacbio.child.chr1.cov10,realigned,hN,downs_s1_m15,05_1,2.80,2672,0.35
ashk.pacbio.child.chr1.cov10,realigned,hN,downs_s1_m20,05_0001,136.37,59324,0.31
ashk.pacbio.child.chr1.cov10,realigned,hN,downs_s1_m20,05_001,57.93,26640,0.31
ashk.pacbio.child.chr1.cov10,realigned,hN,downs_s1_m20,05_01,17.37,9400,0.31
ashk.pacbio.child.chr1.cov10,realigned,hN,downs_s1_m20,05_1,3.82,3328,0.35
ashk.pacbio.child.chr1.cov15,raw,hN,downs_s1_m15,05_0001,107.99,13512,1.12
ashk.pacbio.child.chr1.cov15,raw,hN,downs_s1_m15,05_001,47.47,7904,1.05
ashk.pacbio.child.chr1.cov15,raw,hN,downs_s1_m15,05_01,18.05,9220,1.15
ashk.pacbio.child.chr1.cov15,raw,hN,downs_s1_m15,05_1,11.50,5936,1.38
ashk.pacbio.child.chr1.cov15,raw,hN,downs_s1_m20,05_0001,796.87,100912,0.99
ashk.pacbio.child.chr1.cov15,raw,hN,downs_s1_m20,05_001,304.19,51096,0.93
ashk.pacbio.child.chr1.cov15,raw,hN,downs_s1_m20,05_01,100.05,78616,1.02
ashk.pacbio.child.chr1.cov15,raw,hN,downs_s1_m20,05_1,89.44,54640,1.22
ashk.pacbio.child.chr1.cov15,realigned,hN,downs_s1_m15,05_0001,133.91,16416,0.26
ashk.pacbio.child.chr1.cov15,realigned,hN,downs_s1_m15,05_001,60.97,9564,0.26
ashk.pacbio.child.chr1.cov15,realigned,hN,downs_s1_m15,05_01,20.93,5040,0.26
ashk.pacbio.child.chr1.cov15,realigned,hN,downs_s1_m15,05_1,5.38,3120,0.27
ashk.pacbio.child.chr1.cov15,realigned,hN,downs_s1_m20,05_0001,992.96,155544,0.25
ashk.pacbio.child.chr1.cov15,realigned,hN,downs_s1_m20,05_001,384.09,68012,0.25
ashk.pacbio.child.chr1.cov15,realigned,hN,downs_s1_m20,05_01,100.14,17100,0.25
ashk.pacbio.child.chr1.cov15,realigned,hN,downs_s1_m20,05_1,12.68,5404,0.25
ashk.pacbio.child.chr1.cov20,raw,hN,downs_s1_m15,05_0001,145.29,15144,0.92
ashk.pacbio.child.chr1.cov20,raw,hN,downs_s1_m15,05_001,61.30,8740,0.88
ashk.pacbio.child.chr1.cov20,raw,hN,downs_s1_m15,05_01,22.05,6544,0.95
ashk.pacbio.child.chr1.cov20,raw,hN,downs_s1_m15,05_1,14.57,5392,1.20
ashk.pacbio.child.chr1.cov20,raw,hN,downs_s1_m20,05_0001,1667.53,150080,0.69
ashk.pacbio.child.chr1.cov20,raw,hN,downs_s1_m20,05_001,623.43,65068,0.68
ashk.pacbio.child.chr1.cov20,raw,hN,downs_s1_m20,05_01,207.99,55896,0.73
ashk.pacbio.child.chr1.cov20,raw,hN,downs_s1_m20,05_1,197.83,78428,0.90
ashk.pacbio.child.chr1.cov20,realigned,hN,downs_s1_m15,05_0001,201.11,24756,0.26
ashk.pacbio.child.chr1.cov20,realigned,hN,downs_s1_m15,05_001,87.62,13632,0.25
ashk.pacbio.child.chr1.cov20,realigned,hN,downs_s1_m15,05_01,29.23,6808,0.26
ashk.pacbio.child.chr1.cov20,realigned,hN,downs_s1_m15,05_1,7.50,4664,0.27
ashk.pacbio.child.chr1.cov20,realigned,hN,downs_s1_m20,05_0001,2405.61,274732,0.25
ashk.pacbio.child.chr1.cov20,realigned,hN,downs_s1_m20,05_001,908.31,119228,0.25
ashk.pacbio.child.chr1.cov20,realigned,hN,downs_s1_m20,05_01,229.33,36780,0.24
ashk.pacbio.child.chr1.cov20,realigned,hN,downs_s1_m20,05_1,25.87,36368,0.25
ashk.pacbio.child.chr1.cov25,raw,hN,downs_s1_m15,05_0001,168.09,17264,0.79
ashk.pacbio.child.chr1.cov25,raw,hN,downs_s1_m15,05_001,69.70,9372,0.76
ashk.pacbio.child.chr1.cov25,raw,hN,downs_s1_m15,05_01,24.68,7612,0.83
ashk.pacbio.child.chr1.cov25,raw,hN,downs_s1_m15,05_1,16.04,6028,1.05
ashk.pacbio.child.chr1.cov25,raw,hN,downs_s1_m20,05_0001,2302.41,186024,0.66
ashk.pacbio.child.chr1.cov25,raw,hN,downs_s1_m20,05_001,846.61,79596,0.65
ashk.pacbio.child.chr1.cov25,raw,hN,downs_s1_m20,05_01,265.46,83812,0.73
ashk.pacbio.child.chr1.cov25,raw,hN,downs_s1_m20,05_1,256.20,93128,0.84
ashk.pacbio.child.chr1.cov25,realigned,hN,downs_s1_m15,05_0001,228.05,20032,0.24
ashk.pacbio.child.chr1.cov25,realigned,hN,downs_s1_m15,05_001,97.57,11144,0.24
ashk.pacbio.child.chr1.cov25,realigned,hN,downs_s1_m15,05_01,32.13,5660,0.24
ashk.pacbio.child.chr1.cov25,realigned,hN,downs_s1_m15,05_1,7.92,3292,0.24
ashk.pacbio.child.chr1.cov25,realigned,hN,downs_s1_m20,05_0001,3348.16,271748,0.22
ashk.pacbio.child.chr1.cov25,realigned,hN,downs_s1_m20,05_001,1245.75,116488,0.22
ashk.pacbio.child.chr1.cov25,realigned,hN,downs_s1_m20,05_01,314.67,32960,0.22
ashk.pacbio.child.chr1.cov25,realigned,hN,downs_s1_m20,05_1,29.98,26036,0.23
ashk.pacbio.child.chr1.cov30,raw,hN,downs_s1_m15,05_0001,182.69,18568,0.86
ashk.pacbio.child.chr1.cov30,raw,hN,downs_s1_m15,05_001,75.32,10360,0.86
ashk.pacbio.child.chr1.cov30,raw,hN,downs_s1_m15,05_01,26.85,7160,0.94
ashk.pacbio.child.chr1.cov30,raw,hN,downs_s1_m15,05_1,17.50,7120,1.11
ashk.pacbio.child.chr1.cov30,raw,hN,downs_s1_m20,05_0001,2697.74,297156,0.64
ashk.pacbio.child.chr1.cov30,raw,hN,downs_s1_m20,05_001,988.87,136992,0.63
ashk.pacbio.child.chr1.cov30,raw,hN,downs_s1_m20,05_01,316.10,91672,0.66
ashk.pacbio.child.chr1.cov30,raw,hN,downs_s1_m20,05_1,291.95,57484,0.75
ashk.pacbio.child.chr1.cov30,realigned,hN,downs_s1_m15,05_0001,255.72,24992,0.26
ashk.pacbio.child.chr1.cov30,realigned,hN,downs_s1_m15,05_001,108.08,13968,0.25
ashk.pacbio.child.chr1.cov30,realigned,hN,downs_s1_m15,05_01,35.15,6972,0.26
ashk.pacbio.child.chr1.cov30,realigned,hN,downs_s1_m15,05_1,8.63,3628,0.25
ashk.pacbio.child.chr1.cov30,realigned,hN,downs_s1_m20,05_0001,4183.20,321284,0.24
ashk.pacbio.child.chr1.cov30,realigned,hN,downs_s1_m20,05_001,1546.99,141064,0.24
ashk.pacbio.child.chr1.cov30,realigned,hN,downs_s1_m20,05_01,391.85,43572,0.24
ashk.pacbio.child.chr1.cov30,realigned,hN,downs_s1_m20,05_1,31.16,8556,0.24
ashk.pacbio.child.chr1.cov40,raw,hN,downs_s1_m15,05_0001,204.45,19184,0.78
ashk.pacbio.child.chr1.cov40,raw,hN,downs_s1_m15,05_001,82.53,10744,0.71
ashk.pacbio.child.chr1.cov40,raw,hN,downs_s1_m15,05_01,28.38,8916,0.78
ashk.pacbio.child.chr1.cov40,raw,hN,downs_s1_m15,05_1,18.68,6328,0.95
ashk.pacbio.child.chr1.cov40,raw,hN,downs_s1_m20,05_0001,3257.17,242060,0.61
ashk.pacbio.child.chr1.cov40,raw,hN,downs_s1_m20,05_001,1187.49,101100,0.57
ashk.pacbio.child.chr1.cov40,raw,hN,downs_s1_m20,05_01,398.19,204992,0.62
ashk.pacbio.child.chr1.cov40,raw,hN,downs_s1_m20,05_1,378.16,153704,0.71
ashk.pacbio.child.chr1.cov40,realigned,hN,downs_s1_m15,05_0001,287.94,35316,0.24
ashk.pacbio.child.chr1.cov40,realigned,hN,downs_s1_m15,05_001,120.14,19048,0.24
ashk.pacbio.child.chr1.cov40,realigned,hN,downs_s1_m15,05_01,38.67,8924,0.24
ashk.pacbio.child.chr1.cov40,realigned,hN,downs_s1_m15,05_1,9.48,4480,0.25
ashk.pacbio.child.chr1.cov40,realigned,hN,downs_s1_m20,05_0001,5175.33,469400,0.25
ashk.pacbio.child.chr1.cov40,realigned,hN,downs_s1_m20,05_001,1901.03,202128,0.24
ashk.pacbio.child.chr1.cov40,realigned,hN,downs_s1_m20,05_01,486.36,59232,0.24
ashk.pacbio.child.chr1.cov40,realigned,hN,downs_s1_m20,05_1,36.33,9856,0.24
ashk.pacbio.child.chr1.cov50,raw,hN,downs_s1_m15,05_0001,213.10,20628,0.82
ashk.pacbio.child.chr1.cov50,raw,hN,downs_s1_m15,05_001,86.10,11620,0.78
ashk.pacbio.child.chr1.cov50,raw,hN,downs_s1_m15,05_01,31.01,6672,0.90
ashk.pacbio.child.chr1.cov50,raw,hN,downs_s1_m15,05_1,20.74,6508,1.04
ashk.pacbio.child.chr1.cov50,raw,hN,downs_s1_m20,05_0001,3575.95,392744,0.60
ashk.pacbio.child.chr1.cov50,raw,hN,downs_s1_m20,05_001,1297.04,190532,0.59
ashk.pacbio.child.chr1.cov50,raw,hN,downs_s1_m20,05_01,415.58,106948,0.65
ashk.pacbio.child.chr1.cov50,raw,hN,downs_s1_m20,05_1,414.20,135760,0.78
ashk.pacbio.child.chr1.cov50,realigned,hN,downs_s1_m15,05_0001,310.80,27024,0.26
ashk.pacbio.child.chr1.cov50,realigned,hN,downs_s1_m15,05_001,128.29,14240,0.26
ashk.pacbio.child.chr1.cov50,realigned,hN,downs_s1_m15,05_01,40.96,6720,0.26
ashk.pacbio.child.chr1.cov50,realigned,hN,downs_s1_m15,05_1,9.90,3684,0.26
ashk.pacbio.child.chr1.cov50,realigned,hN,downs_s1_m20,05_0001,5891.90,467432,0.24
ashk.pacbio.child.chr1.cov50,realigned,hN,downs_s1_m20,05_001,2154.20,201612,0.24
ashk.pacbio.child.chr1.cov50,realigned,hN,downs_s1_m20,05_01,547.56,51780,0.24
ashk.pacbio.child.chr1.cov50,realigned,hN,downs_s1_m20,05_1,56.26,176456,0.24
ashk.pacbio.child.chr1.cov5,raw,hN,downs_s1_m15,05_0001,3.18,3520,4.46
ashk.pacbio.child.chr1.cov5,raw,hN,downs_s1_m15,05_001,2.23,2924,4.47
ashk.pacbio.child.chr1.cov5,raw,hN,downs_s1_m15,05_01,1.32,2384,4.56
ashk.pacbio.child.chr1.cov5,raw,hN,downs_s1_m15,05_1,1.03,2408,5.71
ashk.pacbio.child.chr1.cov5,raw,hN,downs_s1_m20,05_0001,3.24,3520,4.46
ashk.pacbio.child.chr1.cov5,raw,hN,downs_s1_m20,05_001,2.24,2920,4.47
ashk.pacbio.child.chr1.cov5,raw,hN,downs_s1_m20,05_01,1.27,2428,4.55
ashk.pacbio.child.chr1.cov5,raw,hN,downs_s1_m20,05_1,1.06,2672,5.71
ashk.pacbio.child.chr1.cov5,realigned,hN,downs_s1_m15,05_0001,3.25,3432,0.65
ashk.pacbio.child.chr1.cov5,realigned,hN,downs_s1_m15,05_001,2.18,2832,0.65
ashk.pacbio.child.chr1.cov5,realigned,hN,downs_s1_m15,05_01,1.26,2404,0.65
ashk.pacbio.child.chr1.cov5,realigned,hN,downs_s1_m15,05_1,0.84,2356,0.83
ashk.pacbio.child.chr1.cov5,realigned,hN,downs_s1_m20,05_0001,3.29,3428,0.65
ashk.pacbio.child.chr1.cov5,realigned,hN,downs_s1_m20,05_001,2.25,2836,0.65
ashk.pacbio.child.chr1.cov5,realigned,hN,downs_s1_m20,05_01,1.30,2404,0.65
ashk.pacbio.child.chr1.cov5,realigned,hN,downs_s1_m20,05_1,0.81,2348,0.83
ashk.pacbio.child.chr1.cov60,raw,hN,downs_s1_m15,05_0001,226.20,21268,0.82
ashk.pacbio.child.chr1.cov60,raw,hN,downs_s1_m15,05_001,90.66,11536,0.81
ashk.pacbio.child.chr1.cov60,raw,hN,downs_s1_m15,05_01,31.39,6964,0.90
ashk.pacbio.child.chr1.cov60,raw,hN,downs_s1_m15,05_1,21.44,9332,1.17
ashk.pacbio.child.chr1.cov60,raw,hN,downs_s1_m20,05_0001,3858.00,391856,0.57
ashk.pacbio.child.chr1.cov60,raw,hN,downs_s1_m20,05_001,1388.88,166360,0.56
ashk.pacbio.child.chr1.cov60,raw,hN,downs_s1_m20,05_01,421.81,71112,0.59
ashk.pacbio.child.chr1.cov60,raw,hN,downs_s1_m20,05_1,414.10,75592,0.70
ashk.pacbio.child.chr1.cov60,realigned,hN,downs_s1_m15,05_0001,326.54,37784,0.24
ashk.pacbio.child.chr1.cov60,realigned,hN,downs_s1_m15,05_001,134.21,20868,0.24
ashk.pacbio.child.chr1.cov60,realigned,hN,downs_s1_m15,05_01,42.40,9672,0.23
ashk.pacbio.child.chr1.cov60,realigned,hN,downs_s1_m15,05_1,10.20,5928,0.24
ashk.pacbio.child.chr1.cov60,realigned,hN,downs_s1_m20,05_0001,6384.74,536136,0.23
ashk.pacbio.child.chr1.cov60,realigned,hN,downs_s1_m20,05_001,2327.33,226208,0.23
ashk.pacbio.child.chr1.cov60,realigned,hN,downs_s1_m20,05_01,594.14,68396,0.23
ashk.pacbio.child.chr1.cov60,realigned,hN,downs_s1_m20,05_1,45.58,72144,0.24
ashk.pacbio.child.chr1.covall,raw,hN,downs_s1_m15,05_0001,226.17,21268,0.82
ashk.pacbio.child.chr1.covall,raw,hN,downs_s1_m15,05_001,90.72,11728,0.81
ashk.pacbio.child.chr1.covall,raw,hN,downs_s1_m15,05_01,31.34,6964,0.90
ashk.pacbio.child.chr1.covall,raw,hN,downs_s1_m15,05_1,21.33,9412,1.17
ashk.pacbio.child.chr1.covall,raw,hN,downs_s1_m20,05_0001,3856.38,391852,0.57
ashk.pacbio.child.chr1.covall,raw,hN,downs_s1_m20,05_001,1392.06,166364,0.56
ashk.pacbio.child.chr1.covall,raw,hN,downs_s1_m20,05_01,420.15,71636,0.59
ashk.pacbio.child.chr1.covall,raw,hN,downs_s1_m20,05_1,414.32,75560,0.70
ashk.pacbio.child.chr1.covall,realigned,hN,downs_s1_m15,05_0001,327.15,37784,0.24
ashk.pacbio.child.chr1.covall,realigned,hN,downs_s1_m15,05_001,134.25,20868,0.24
ashk.pacbio.child.chr1.covall,realigned,hN,downs_s1_m15,05_01,42.47,9672,0.23
ashk.pacbio.child.chr1.covall,realigned,hN,downs_s1_m15,05_1,10.26,5928,0.24
ashk.pacbio.child.chr1.covall,realigned,hN,downs_s1_m20,05_0001,6381.94,536136,0.23
ashk.pacbio.child.chr1.covall,realigned,hN,downs_s1_m20,05_001,2327.66,226208,0.23
ashk.pacbio.child.chr1.covall,realigned,hN,downs_s1_m20,05_01,593.94,68392,0.23
ashk.pacbio.child.chr1.covall,realigned,hN,downs_s1_m20,05_1,45.46,72068,0.24
ashk.pacbio.child.chr21.cov10,raw,hN,downs_s1_m15,05_0001,12.54,8448,1.64
ashk.pacbio.child.chr21.cov10,raw,hN,downs_s1_m15,05_001,7.00,5304,1.56
ashk.pacbio.child.chr21.cov10,raw,hN,downs_s1_m15,05_01,2.35,4256,1.82
ashk.pacbio.child.chr21.cov10,raw,hN,downs_s1_m15,05_1,1.68,3104,2.44
ashk.pacbio.child.chr21.cov10,raw,hN,downs_s1_m20,05_0001,48.51,35840,1.68
ashk.pacbio.child.chr21.cov10,raw,hN,downs_s1_m20,05_001,19.26,16860,1.57
ashk.pacbio.child.chr21.cov10,raw,hN,downs_s1_m20,05_01,6.62,6828,1.82
ashk.pacbio.child.chr21.cov10,raw,hN,downs_s1_m20,05_1,6.84,12824,2.31
ashk.pacbio.child.chr21.cov10,realigned,hN,downs_s1_m15,05_0001,15.26,9564,0.65
ashk.pacbio.child.chr21.cov10,realigned,hN,downs_s1_m15,05_001,7.32,5808,0.65
ashk.pacbio.child.chr21.cov10,realigned,hN,downs_s1_m15,05_01,2.66,3496,0.65
ashk.pacbio.child.chr21.cov10,realigned,hN,downs_s1_m15,05_1,0.73,2400,0.68
ashk.pacbio.child.chr21.cov10,realigned,hN,downs_s1_m20,05_0001,57.72,32708,0.67
ashk.pacbio.child.chr21.cov10,realigned,hN,downs_s1_m20,05_001,23.63,15512,0.67
ashk.pacbio.child.chr21.cov10,realigned,hN,downs_s1_m20,05_01,6.54,6368,0.67
ashk.pacbio.child.chr21.cov10,realigned,hN,downs_s1_m20,05_1,1.17,2692,0.68
ashk.pacbio.child.chr21.cov15,raw,hN,downs_s1_m15,05_0001,24.77,12860,0.98
ashk.pacbio.child.chr21.cov15,raw,hN,downs_s1_m15,05_001,10.71,7464,1.01
ashk.pacbio.child.chr21.cov15,raw,hN,downs_s1_m15,05_01,3.88,4252,1.00
ashk.pacbio.child.chr21.cov15,raw,hN,downs_s1_m15,05_1,2.39,3980,1.24
ashk.pacbio.child.chr21.cov15,raw,hN,downs_s1_m20,05_0001,241.83,123768,0.91
ashk.pacbio.child.chr21.cov15,raw,hN,downs_s1_m20,05_001,91.13,53136,0.84
ashk.pacbio.child.chr21.cov15,raw,hN,downs_s1_m20,05_01,25.93,18668,0.97
ashk.pacbio.child.chr21.cov15,raw,hN,downs_s1_m20,05_1,31.00,26572,1.04
ashk.pacbio.child.chr21.cov15,realigned,hN,downs_s1_m15,05_0001,32.92,15128,0.54
ashk.pacbio.child.chr21.cov15,realigned,hN,downs_s1_m15,05_001,16.17,9044,0.54
ashk.pacbio.child.chr21.cov15,realigned,hN,downs_s1_m15,05_01,5.03,4604,0.54
ashk.pacbio.child.chr21.cov15,realigned,hN,downs_s1_m15,05_1,1.26,2620,0.55
ashk.pacbio.child.chr21.cov15,realigned,hN,downs_s1_m20,05_0001,321.08,139828,0.53
ashk.pacbio.child.chr21.cov15,realigned,hN,downs_s1_m20,05_001,123.68,60812,0.53
ashk.pacbio.child.chr21.cov15,realigned,hN,downs_s1_m20,05_01,31.03,17932,0.55
ashk.pacbio.child.chr21.cov15,realigned,hN,downs_s1_m20,05_1,4.58,4832,0.55
ashk.pacbio.child.chr21.cov20,raw,hN,downs_s1_m15,05_0001,30.02,11964,1.10
ashk.pacbio.child.chr21.cov20,raw,hN,downs_s1_m15,05_001,12.50,6880,0.98
ashk.pacbio.child.chr21.cov20,raw,hN,downs_s1_m15,05_01,4.98,5020,1.36
ashk.pacbio.child.chr21.cov20,raw,hN,downs_s1_m15,05_1,3.34,3940,1.22
ashk.pacbio.child.chr21.cov20,raw,hN,downs_s1_m20,05_0001,382.94,128136,0.78
ashk.pacbio.child.chr21.cov20,raw,hN,downs_s1_m20,05_001,142.06,55400,0.75
ashk.pacbio.child.chr21.cov20,raw,hN,downs_s1_m20,05_01,51.43,30568,0.77
ashk.pacbio.child.chr21.cov20,raw,hN,downs_s1_m20,05_1,51.17,41904,0.82
ashk.pacbio.child.chr21.cov20,realigned,hN,downs_s1_m15,05_0001,43.81,23124,0.53
ashk.pacbio.child.chr21.cov20,realigned,hN,downs_s1_m15,05_001,19.54,12928,0.53
ashk.pacbio.child.chr21.cov20,realigned,hN,downs_s1_m15,05_01,6.35,6096,0.53
ashk.pacbio.child.chr21.cov20,realigned,hN,downs_s1_m15,05_1,1.53,3200,0.53
ashk.pacbio.child.chr21.cov20,realigned,hN,downs_s1_m20,05_0001,604.85,238588,0.53
ashk.pacbio.child.chr21.cov20,realigned,hN,downs_s1_m20,05_001,227.50,100320,0.53
ashk.pacbio.child.chr21.cov20,realigned,hN,downs_s1_m20,05_01,56.83,31128,0.53
ashk.pacbio.child.chr21.cov20,realigned,hN,downs_s1_m20,05_1,5.77,6920,0.51
ashk.pacbio.child.chr21.cov25,raw,hN,downs_s1_m15,05_0001,35.32,14176,0.89
ashk.pacbio.child.chr21.cov25,raw,hN,downs_s1_m15,05_001,14.51,7800,0.91
ashk.pacbio.child.chr21.cov25,raw,hN,downs_s1_m15,05_01,6.03,4992,0.98
ashk.pacbio.child.chr21.cov25,raw,hN,downs_s1_m15,05_1,3.86,4520,1.13
ashk.pacbio.child.chr21.cov25,raw,hN,downs_s1_m20,05_0001,499.43,184508,0.79
ashk.pacbio.child.chr21.cov25,raw,hN,downs_s1_m20,05_001,184.76,78940,0.77
ashk.pacbio.child.chr21.cov25,raw,hN,downs_s1_m20,05_01,61.71,45168,0.80
ashk.pacbio.child.chr21.cov25,raw,hN,downs_s1_m20,05_1,67.16,74692,0.96
ashk.pacbio.child.chr21.cov25,realigned,hN,downs_s1_m15,05_0001,47.05,19164,0.51
ashk.pacbio.child.chr21.cov25,realigned,hN,downs_s1_m15,05_001,21.01,10528,0.51
ashk.pacbio.child.chr21.cov25,realigned,hN,downs_s1_m15,05_01,6.72,5304,0.51
ashk.pacbio.child.chr21.cov25,realigned,hN,downs_s1_m15,05_1,1.63,2968,0.51
ashk.pacbio.child.chr21.cov25,realigned,hN,downs_s1_m20,05_0001,731.90,239196,0.54
ashk.pacbio.child.chr21.cov25,realigned,hN,downs_s1_m20,05_001,273.32,102764,0.54
ashk.pacbio.child.chr21.cov25,realigned,hN,downs_s1_m20,05_01,69.27,28696,0.54
ashk.pacbio.child.chr21.cov25,realigned,hN,downs_s1_m20,05_1,6.22,7096,0.54
ashk.pacbio.child.chr21.cov30,raw,hN,downs_s1_m15,05_0001,35.97,13116,1.07
ashk.pacbio.child.chr21.cov30,raw,hN,downs_s1_m15,05_001,14.98,8588,1.04
ashk.pacbio.child.chr21.cov30,raw,hN,downs_s1_m15,05_01,5.52,5552,1.11
ashk.pacbio.child.chr21.cov30,raw,hN,downs_s1_m15,05_1,4.21,5020,1.30
ashk.pacbio.child.chr21.cov30,raw,hN,downs_s1_m20,05_0001,548.82,184484,0.78
ashk.pacbio.child.chr21.cov30,raw,hN,downs_s1_m20,05_001,203.68,77640,0.86
ashk.pacbio.child.chr21.cov30,raw,hN,downs_s1_m20,05_01,66.87,41732,0.75
ashk.pacbio.child.chr21.cov30,raw,hN,downs_s1_m20,05_1,67.28,36916,0.91
ashk.pacbio.child.chr21.cov30,realigned,hN,downs_s1_m15,05_0001,51.73,17696,0.56
ashk.pacbio.child.chr21.cov30,realigned,hN,downs_s1_m15,05_001,22.00,10080,0.56
ashk.pacbio.child.chr21.cov30,realigned,hN,downs_s1_m15,05_01,7.21,5040,0.56
ashk.pacbio.child.chr21.cov30,realigned,hN,downs_s1_m15,05_1,1.71,2944,0.56
ashk.pacbio.child.chr21.cov30,realigned,hN,downs_s1_m20,05_0001,918.91,256836,0.56
ashk.pacbio.child.chr21.cov30,realigned,hN,downs_s1_m20,05_001,340.73,106872,0.56
ashk.pacbio.child.chr21.cov30,realigned,hN,downs_s1_m20,05_01,86.14,32020,0.56
ashk.pacbio.child.chr21.cov30,realigned,hN,downs_s1_m20,05_1,6.98,5924,0.55
ashk.pacbio.child.chr21.cov40,raw,hN,downs_s1_m15,05_0001,39.19,15388,0.97
ashk.pacbio.child.chr21.cov40,raw,hN,downs_s1_m15,05_001,16.25,11176,1.06
ashk.pacbio.child.chr21.cov40,raw,hN,downs_s1_m15,05_01,6.25,5892,1.01
ashk.pacbio.child.chr21.cov40,raw,hN,downs_s1_m15,05_1,4.31,4256,1.20
ashk.pacbio.child.chr21.cov40,raw,hN,downs_s1_m20,05_0001,646.71,219016,0.90
ashk.pacbio.child.chr21.cov40,raw,hN,downs_s1_m20,05_001,238.47,103892,0.84
ashk.pacbio.child.chr21.cov40,raw,hN,downs_s1_m20,05_01,79.95,50472,0.83
ashk.pacbio.child.chr21.cov40,raw,hN,downs_s1_m20,05_1,85.61,68128,1.06
ashk.pacbio.child.chr21.cov40,realigned,hN,downs_s1_m15,05_0001,57.89,21532,0.54
ashk.pacbio.child.chr21.cov40,realigned,hN,downs_s1_m15,05_001,24.37,11668,0.54
ashk.pacbio.child.chr21.cov40,realigned,hN,downs_s1_m15,05_01,7.86,5488,0.54
ashk.pacbio.child.chr21.cov40,realigned,hN,downs_s1_m15,05_1,1.89,2940,0.54
ashk.pacbio.child.chr21.cov40,realigned,hN,downs_s1_m20,05_0001,1046.49,348348,0.55
ashk.pacbio.child.chr21.cov40,realigned,hN,downs_s1_m20,05_001,385.55,145656,0.55
ashk.pacbio.child.chr21.cov40,realigned,hN,downs_s1_m20,05_01,99.37,43880,0.55
ashk.pacbio.child.chr21.cov40,realigned,hN,downs_s1_m20,05_1,8.23,16436,0.55
ashk.pacbio.child.chr21.cov50,raw,hN,downs_s1_m15,05_0001,41.55,15428,0.93
ashk.pacbio.child.chr21.cov50,raw,hN,downs_s1_m15,05_001,17.14,8432,0.84
ashk.pacbio.child.chr21.cov50,raw,hN,downs_s1_m15,05_01,6.31,5588,1.11
ashk.pacbio.child.chr21.cov50,raw,hN,downs_s1_m15,05_1,4.50,5828,1.10
ashk.pacbio.child.chr21.cov50,raw,hN,downs_s1_m20,05_0001,688.58,214460,0.76
ashk.pacbio.child.chr21.cov50,raw,hN,downs_s1_m20,05_001,256.62,89268,0.72
ashk.pacbio.child.chr21.cov50,raw,hN,downs_s1_m20,05_01,79.89,49584,0.76
ashk.pacbio.child.chr21.cov50,raw,hN,downs_s1_m20,05_1,107.04,80828,0.80
ashk.pacbio.child.chr21.cov50,realigned,hN,downs_s1_m15,05_0001,60.01,22176,0.57
ashk.pacbio.child.chr21.cov50,realigned,hN,downs_s1_m15,05_001,25.10,12252,0.57
ashk.pacbio.child.chr21.cov50,realigned,hN,downs_s1_m15,05_01,8.09,5844,0.57
ashk.pacbio.child.chr21.cov50,realigned,hN,downs_s1_m15,05_1,1.94,2944,0.57
ashk.pacbio.child.chr21.cov50,realigned,hN,downs_s1_m20,05_0001,1193.38,612444,0.57
ashk.pacbio.child.chr21.cov50,realigned,hN,downs_s1_m20,05_001,448.17,486960,0.57
ashk.pacbio.child.chr21.cov50,realigned,hN,downs_s1_m20,05_01,116.64,210488,0.57
ashk.pacbio.child.chr21.cov50,realigned,hN,downs_s1_m20,05_1,11.29,55376,0.57
ashk.pacbio.child.chr21.cov5,raw,hN,downs_s1_m15,05_0001,1.04,3044,3.68
ashk.pacbio.child.chr21.cov5,raw,hN,downs_s1_m15,05_001,0.64,2516,3.63
ashk.pacbio.child.chr21.cov5,raw,hN,downs_s1_m15,05_01,0.33,2212,4.23
ashk.pacbio.child.chr21.cov5,raw,hN,downs_s1_m15,05_1,0.23,2136,4.86
ashk.pacbio.child.chr21.cov5,raw,hN,downs_s1_m20,05_0001,1.02,3044,3.68
ashk.pacbio.child.chr21.cov5,raw,hN,downs_s1_m20,05_001,0.68,2512,3.63
ashk.pacbio.child.chr21.cov5,raw,hN,downs_s1_m20,05_01,0.33,2208,4.23
ashk.pacbio.child.chr21.cov5,raw,hN,downs_s1_m20,05_1,0.25,2136,4.86
ashk.pacbio.child.chr21.cov5,realigned,hN,downs_s1_m15,05_0001,1.03,2764,0.71
ashk.pacbio.child.chr21.cov5,realigned,hN,downs_s1_m15,05_001,0.66,2324,0.71
ashk.pacbio.child.chr21.cov5,realigned,hN,downs_s1_m15,05_01,0.33,2132,0.71
ashk.pacbio.child.chr21.cov5,realigned,hN,downs_s1_m15,05_1,0.17,2036,0.90
ashk.pacbio.child.chr21.cov5,realigned,hN,downs_s1_m20,05_0001,1.02,2768,0.71
ashk.pacbio.child.chr21.cov5,realigned,hN,downs_s1_m20,05_001,0.66,2324,0.71
ashk.pacbio.child.chr21.cov5,realigned,hN,downs_s1_m20,05_01,0.34,2132,0.71
ashk.pacbio.child.chr21.cov5,realigned,hN,downs_s1_m20,05_1,0.18,2036,0.90
ashk.pacbio.child.chr21.cov60,raw,hN,downs_s1_m15,05_0001,42.76,16200,0.94
ashk.pacbio.child.chr21.cov60,raw,hN,downs_s1_m15,05_001,17.43,8752,0.86
ashk.pacbio.child.chr21.cov60,raw,hN,downs_s1_m15,05_01,6.64,5528,1.07
ashk.pacbio.child.chr21.cov60,raw,hN,downs_s1_m15,05_1,5.49,7004,1.26
ashk.pacbio.child.chr21.cov60,raw,hN,downs_s1_m20,05_0001,723.51,244444,0.77
ashk.pacbio.child.chr21.cov60,raw,hN,downs_s1_m20,05_001,262.08,103264,0.76
ashk.pacbio.child.chr21.cov60,raw,hN,downs_s1_m20,05_01,87.76,103100,0.80
ashk.pacbio.child.chr21.cov60,raw,hN,downs_s1_m20,05_1,88.33,79852,0.84
ashk.pacbio.child.chr21.cov60,realigned,hN,downs_s1_m15,05_0001,63.70,22480,0.57
ashk.pacbio.child.chr21.cov60,realigned,hN,downs_s1_m15,05_001,26.53,12252,0.57
ashk.pacbio.child.chr21.cov60,realigned,hN,downs_s1_m15,05_01,8.51,5736,0.57
ashk.pacbio.child.chr21.cov60,realigned,hN,downs_s1_m15,05_1,2.06,2928,0.56
ashk.pacbio.child.chr21.cov60,realigned,hN,downs_s1_m20,05_0001,1224.53,360916,0.56
ashk.pacbio.child.chr21.cov60,realigned,hN,downs_s1_m20,05_001,448.91,149736,0.56
ashk.pacbio.child.chr21.cov60,realigned,hN,downs_s1_m20,05_01,114.35,43708,0.55
ashk.pacbio.child.chr21.cov60,realigned,hN,downs_s1_m20,05_1,11.54,25988,0.55
ashk.pacbio.child.chr21.covall,raw,hN,downs_s1_m15,05_0001,42.75,16356,0.94
ashk.pacbio.child.chr21.covall,raw,hN,downs_s1_m15,05_001,17.54,8764,0.86
ashk.pacbio.child.chr21.covall,raw,hN,downs_s1_m15,05_01,6.64,5528,1.07
ashk.pacbio.child.chr21.covall,raw,hN,downs_s1_m15,05_1,5.49,7032,1.26
ashk.pacbio.child.chr21.covall,raw,hN,downs_s1_m20,05_0001,723.53,244444,0.77
ashk.pacbio.child.chr21.covall,raw,hN,downs_s1_m20,05_001,262.17,103188,0.76
ashk.pacbio.child.chr21.covall,raw,hN,downs_s1_m20,05_01,87.96,103000,0.80
ashk.pacbio.child.chr21.covall,raw,hN,downs_s1_m20,05_1,88.32,80052,0.84
ashk.pacbio.child.chr21.covall,realigned,hN,downs_s1_m15,05_0001,63.64,22728,0.57
ashk.pacbio.child.chr21.covall,realigned,hN,downs_s1_m15,05_001,26.52,12020,0.57
ashk.pacbio.child.chr21.covall,realigned,hN,downs_s1_m15,05_01,8.59,5732,0.57
ashk.pacbio.child.chr21.covall,realigned,hN,downs_s1_m15,05_1,2.05,2928,0.56
ashk.pacbio.child.chr21.covall,realigned,hN,downs_s1_m20,05_0001,1223.97,361100,0.56
ashk.pacbio.child.chr21.covall,realigned,hN,downs_s1_m20,05_001,449.15,149700,0.56
ashk.pacbio.child.chr21.covall,realigned,hN,downs_s1_m20,05_01,114.48,43708,0.55
ashk.pacbio.child.chr21.covall,realigned,hN,downs_s1_m20,05_1,11.52,25988,0.55
sim.pacbio.child.chr1.cov10,raw,hN,downs_s1_m15,05_0001,42.12,6476,1.06
sim.pacbio.child.chr1.cov10,raw,hN,downs_s1_m15,05_001,20.83,4368,1.09
sim.pacbio.child.chr1.cov10,raw,hN,downs_s1_m15,05_01,7.96,3116,1.24
sim.pacbio.child.chr1.cov10,raw,hN,downs_s1_m15,05_1,4.82,3324,1.80
sim.pacbio.child.chr1.cov10,raw,hN,downs_s1_m20,05_0001,96.40,17572,1.01
sim.pacbio.child.chr1.cov10,raw,hN,downs_s1_m20,05_001,40.99,9392,1.04
sim.pacbio.child.chr1.cov10,raw,hN,downs_s1_m20,05_01,14.39,9712,1.19
sim.pacbio.child.chr1.cov10,raw,hN,downs_s1_m20,05_1,9.54,5956,1.74
sim.pacbio.child.chr1.cov10,realigned,hN,downs_s1_m15,05_0001,47.31,7640,0.08
sim.pacbio.child.chr1.cov10,realigned,hN,downs_s1_m15,05_001,23.16,5260,0.08
sim.pacbio.child.chr1.cov10,realigned,hN,downs_s1_m15,05_01,8.76,3328,0.08
sim.pacbio.child.chr1.cov10,realigned,hN,downs_s1_m15,05_1,2.61,2576,0.14
sim.pacbio.child.chr1.cov10,realigned,hN,downs_s1_m20,05_0001,103.32,24232,0.08
sim.pacbio.child.chr1.cov10,realigned,hN,downs_s1_m20,05_001,44.85,12992,0.09
sim.pacbio.child.chr1.cov10,realigned,hN,downs_s1_m20,05_01,13.74,5748,0.09
sim.pacbio.child.chr1.cov10,realigned,hN,downs_s1_m20,05_1,3.32,2900,0.14
sim.pacbio.child.chr1.cov15,raw,hN,downs_s1_m15,05_0001,105.60,11148,0.55
sim.pacbio.child.chr1.cov15,raw,hN,downs_s1_m15,05_001,45.54,6628,0.53
sim.pacbio.child.chr1.cov15,raw,hN,downs_s1_m15,05_01,16.84,4496,0.69
sim.pacbio.child.chr1.cov15,raw,hN,downs_s1_m15,05_1,9.27,4120,0.90
sim.pacbio.child.chr1.cov15,raw,hN,downs_s1_m20,05_0001,721.71,78500,0.47
sim.pacbio.child.chr1.cov15,raw,hN,downs_s1_m20,05_001,271.93,35944,0.48
sim.pacbio.child.chr1.cov15,raw,hN,downs_s1_m20,05_01,79.64,25572,0.57
sim.pacbio.child.chr1.cov15,raw,hN,downs_s1_m20,05_1,74.26,47124,0.80
sim.pacbio.child.chr1.cov15,realigned,hN,downs_s1_m15,05_0001,130.54,14300,0.05
sim.pacbio.child.chr1.cov15,realigned,hN,downs_s1_m15,05_001,58.13,8492,0.05
sim.pacbio.child.chr1.cov15,realigned,hN,downs_s1_m15,05_01,19.85,4808,0.06
sim.pacbio.child.chr1.cov15,realigned,hN,downs_s1_m15,05_1,5.25,2972,0.08
sim.pacbio.child.chr1.cov15,realigned,hN,downs_s1_m20,05_0001,924.35,115108,0.05
sim.pacbio.child.chr1.cov15,realigned,hN,downs_s1_m20,05_001,354.36,49080,0.05
sim.pacbio.child.chr1.cov15,realigned,hN,downs_s1_m20,05_01,89.57,14328,0.05
sim.pacbio.child.chr1.cov15,realigned,hN,downs_s1_m20,05_1,10.94,4012,0.08
sim.pacbio.child.chr1.cov20,raw,hN,downs_s1_m15,05_0001,140.12,13688,0.53
sim.pacbio.child.chr1.cov20,raw,hN,downs_s1_m15,05_001,58.72,8076,0.50
sim.pacbio.child.chr1.cov20,raw,hN,downs_s1_m15,05_01,20.49,4872,0.64
sim.pacbio.child.chr1.cov20,raw,hN,downs_s1_m15,05_1,11.72,4468,0.71
sim.pacbio.child.chr1.cov20,raw,hN,downs_s1_m20,05_0001,1580.60,122592,0.36
sim.pacbio.child.chr1.cov20,raw,hN,downs_s1_m20,05_001,583.15,53088,0.36
sim.pacbio.child.chr1.cov20,raw,hN,downs_s1_m20,05_01,168.76,36664,0.38
sim.pacbio.child.chr1.cov20,raw,hN,downs_s1_m20,05_1,145.92,43724,0.49
sim.pacbio.child.chr1.cov20,realigned,hN,downs_s1_m15,05_0001,183.07,20076,0.05
sim.pacbio.child.chr1.cov20,realigned,hN,downs_s1_m15,05_001,78.49,11244,0.05
sim.pacbio.child.chr1.cov20,realigned,hN,downs_s1_m15,05_01,25.96,5964,0.05
sim.pacbio.child.chr1.cov20,realigned,hN,downs_s1_m15,05_1,6.60,3600,0.07
sim.pacbio.child.chr1.cov20,realigned,hN,downs_s1_m20,05_0001,2234.52,204908,0.05
sim.pacbio.child.chr1.cov20,realigned,hN,downs_s1_m20,05_001,837.16,88512,0.05
sim.pacbio.child.chr1.cov20,realigned,hN,downs_s1_m20,05_01,206.27,26228,0.05
sim.pacbio.child.chr1.cov20,realigned,hN,downs_s1_m20,05_1,19.03,8932,0.06
sim.pacbio.child.chr1.cov25,raw,hN,downs_s1_m15,05_0001,158.48,15524,0.46
sim.pacbio.child.chr1.cov25,raw,hN,downs_s1_m15,05_001,64.86,8968,0.49
sim.pacbio.child.chr1.cov25,raw,hN,downs_s1_m15,05_01,22.39,5536,0.59
sim.pacbio.child.chr1.cov25,raw,hN,downs_s1_m15,05_1,13.63,4560,0.70
sim.pacbio.child.chr1.cov25,raw,hN,downs_s1_m20,05_0001,2142.07,166268,0.32
sim.pacbio.child.chr1.cov25,raw,hN,downs_s1_m20,05_001,783.67,72124,0.34
sim.pacbio.child.chr1.cov25,raw,hN,downs_s1_m20,05_01,226.41,33612,0.36
sim.pacbio.child.chr1.cov25,raw,hN,downs_s1_m20,05_1,203.65,40344,0.50
sim.pacbio.child.chr1.cov25,realigned,hN,downs_s1_m15,05_0001,210.34,21896,0.05
sim.pacbio.child.chr1.cov25,realigned,hN,downs_s1_m15,05_001,88.67,11908,0.05
sim.pacbio.child.chr1.cov25,realigned,hN,downs_s1_m15,05_01,29.29,6044,0.05
sim.pacbio.child.chr1.cov25,realigned,hN,downs_s1_m15,05_1,7.23,3452,0.07
sim.pacbio.child.chr1.cov25,realigned,hN,downs_s1_m20,05_0001,3131.42,272876,0.04
sim.pacbio.child.chr1.cov25,realigned,hN,downs_s1_m20,05_001,1157.98,117404,0.04
sim.pacbio.child.chr1.cov25,realigned,hN,downs_s1_m20,05_01,289.48,35612,0.04
sim.pacbio.child.chr1.cov25,realigned,hN,downs_s1_m20,05_1,22.50,6552,0.05
sim.pacbio.child.chr1.cov30,raw,hN,downs_s1_m15,05_0001,160.93,15520,0.46
sim.pacbio.child.chr1.cov30,raw,hN,downs_s1_m15,05_001,64.75,8964,0.49
sim.pacbio.child.chr1.cov30,raw,hN,downs_s1_m15,05_01,22.38,5536,0.59
sim.pacbio.child.chr1.cov30,raw,hN,downs_s1_m15,05_1,13.67,4556,0.70
sim.pacbio.child.chr1.cov30,raw,hN,downs_s1_m20,05_0001,2141.09,166048,0.32
sim.pacbio.child.chr1.cov30,raw,hN,downs_s1_m20,05_001,782.91,71928,0.34
sim.pacbio.child.chr1.cov30,raw,hN,downs_s1_m20,05_01,226.29,33428,0.36
sim.pacbio.child.chr1.cov30,raw,hN,downs_s1_m20,05_1,203.41,40420,0.50
sim.pacbio.child.chr1.cov30,realigned,hN,downs_s1_m15,05_0001,210.28,21900,0.05
sim.pacbio.child.chr1.cov30,realigned,hN,downs_s1_m15,05_001,88.80,11908,0.05
sim.pacbio.child.chr1.cov30,realigned,hN,downs_s1_m15,05_01,29.20,6028,0.05
sim.pacbio.child.chr1.cov30,realigned,hN,downs_s1_m15,05_1,7.45,3452,0.07
sim.pacbio.child.chr1.cov30,realigned,hN,downs_s1_m20,05_0001,3132.05,272872,0.04
sim.pacbio.child.chr1.cov30,realigned,hN,downs_s1_m20,05_001,1157.67,117144,0.04
sim.pacbio.child.chr1.cov30,realigned,hN,downs_s1_m20,05_01,289.48,35692,0.04
sim.pacbio.child.chr1.cov30,realigned,hN,downs_s1_m20,05_1,22.53,6552,0.05
sim.pacbio.child.chr1.cov40,raw,hN,downs_s1_m15,05_0001,184.82,25336,0.58
sim.pacbio.child.chr1.cov40,raw,hN,downs_s1_m15,05_001,74.61,13996,0.61
sim.pacbio.child.chr1.cov40,raw,hN,downs_s1_m15,05_01,25.64,7404,0.73
sim.pacbio.child.chr1.cov40,raw,hN,downs_s1_m15,05_1,14.97,5544,0.81
sim.pacbio.child.chr1.cov40,raw,hN,downs_s1_m20,05_0001,2894.47,313892,0.44
sim.pacbio.child.chr1.cov40,raw,hN,downs_s1_m20,05_001,1046.39,133052,0.45
sim.pacbio.child.chr1.cov40,raw,hN,downs_s1_m20,05_01,305.88,57012,0.49
sim.pacbio.child.chr1.cov40,raw,hN,downs_s1_m20,05_1,257.19,46368,0.62
sim.pacbio.child.chr1.cov40,realigned,hN,downs_s1_m15,05_0001,256.50,27096,0.24
sim.pacbio.child.chr1.cov40,realigned,hN,downs_s1_m15,05_001,105.60,14784,0.24
sim.pacbio.child.chr1.cov40,realigned,hN,downs_s1_m15,05_01,33.60,7132,0.24
sim.pacbio.child.chr1.cov40,realigned,hN,downs_s1_m15,05_1,8.29,3816,0.25
sim.pacbio.child.chr1.cov40,realigned,hN,downs_s1_m20,05_0001,4530.94,362008,0.22
sim.pacbio.child.chr1.cov40,realigned,hN,downs_s1_m20,05_001,1654.35,156452,0.22
sim.pacbio.child.chr1.cov40,realigned,hN,downs_s1_m20,05_01,419.05,49144,0.22
sim.pacbio.child.chr1.cov40,realigned,hN,downs_s1_m20,05_1,31.47,64164,0.23
sim.pacbio.child.chr1.cov50,raw,hN,downs_s1_m15,05_0001,193.84,21564,0.58
sim.pacbio.child.chr1.cov50,raw,hN,downs_s1_m15,05_001,78.16,11712,0.58
sim.pacbio.child.chr1.cov50,raw,hN,downs_s1_m15,05_01,26.37,6660,0.64
sim.pacbio.child.chr1.cov50,raw,hN,downs_s1_m15,05_1,16.49,5336,0.79
sim.pacbio.child.chr1.cov50,raw,hN,downs_s1_m20,05_0001,3102.10,267792,0.46
sim.pacbio.child.chr1.cov50,raw,hN,downs_s1_m20,05_001,1115.63,112540,0.45
sim.pacbio.child.chr1.cov50,raw,hN,downs_s1_m20,05_01,324.06,60156,0.51
sim.pacbio.child.chr1.cov50,raw,hN,downs_s1_m20,05_1,271.96,64628,0.58
sim.pacbio.child.chr1.cov50,realigned,hN,downs_s1_m15,05_0001,273.29,36092,0.23
sim.pacbio.child.chr1.cov50,realigned,hN,downs_s1_m15,05_001,111.86,18932,0.23
sim.pacbio.child.chr1.cov50,realigned,hN,downs_s1_m15,05_01,35.24,8940,0.23
sim.pacbio.child.chr1.cov50,realigned,hN,downs_s1_m15,05_1,8.82,4428,0.23
sim.pacbio.child.chr1.cov50,realigned,hN,downs_s1_m20,05_0001,4950.11,506408,0.23
sim.pacbio.child.chr1.cov50,realigned,hN,downs_s1_m20,05_001,1798.24,213084,0.23
sim.pacbio.child.chr1.cov50,realigned,hN,downs_s1_m20,05_01,457.55,61180,0.23
sim.pacbio.child.chr1.cov50,realigned,hN,downs_s1_m20,05_1,29.26,8396,0.23
sim.pacbio.child.chr1.cov5,raw,hN,downs_s1_m15,05_0001,3.37,4476,3.50
sim.pacbio.child.chr1.cov5,raw,hN,downs_s1_m15,05_001,2.23,3000,3.48
sim.pacbio.child.chr1.cov5,raw,hN,downs_s1_m15,05_01,1.29,2592,3.59
sim.pacbio.child.chr1.cov5,raw,hN,downs_s1_m15,05_1,1.06,3448,4.66
sim.pacbio.child.chr1.cov5,raw,hN,downs_s1_m20,05_0001,3.49,6744,3.50
sim.pacbio.child.chr1.cov5,raw,hN,downs_s1_m20,05_001,2.27,3800,3.48
sim.pacbio.child.chr1.cov5,raw,hN,downs_s1_m20,05_01,1.34,4280,3.59
sim.pacbio.child.chr1.cov5,raw,hN,downs_s1_m20,05_1,1.31,6204,4.66
sim.pacbio.child.chr1.cov5,realigned,hN,downs_s1_m15,05_0001,3.35,3800,0.46
sim.pacbio.child.chr1.cov5,realigned,hN,downs_s1_m15,05_001,2.25,2712,0.46
sim.pacbio.child.chr1.cov5,realigned,hN,downs_s1_m15,05_01,1.29,2292,0.46
sim.pacbio.child.chr1.cov5,realigned,hN,downs_s1_m15,05_1,0.83,2280,0.71
sim.pacbio.child.chr1.cov5,realigned,hN,downs_s1_m20,05_0001,3.61,7252,0.46
sim.pacbio.child.chr1.cov5,realigned,hN,downs_s1_m20,05_001,2.32,4296,0.46
sim.pacbio.child.chr1.cov5,realigned,hN,downs_s1_m20,05_01,1.38,2404,0.46
sim.pacbio.child.chr1.cov5,realigned,hN,downs_s1_m20,05_1,0.84,2280,0.71
sim.pacbio.child.chr1.cov60,raw,hN,downs_s1_m15,05_0001,194.39,21560,0.58
sim.pacbio.child.chr1.cov60,raw,hN,downs_s1_m15,05_001,78.31,11712,0.58
sim.pacbio.child.chr1.cov60,raw,hN,downs_s1_m15,05_01,26.39,6664,0.64
sim.pacbio.child.chr1.cov60,raw,hN,downs_s1_m15,05_1,15.82,5336,0.79
sim.pacbio.child.chr1.cov60,raw,hN,downs_s1_m20,05_0001,3099.21,267724,0.46
sim.pacbio.child.chr1.cov60,raw,hN,downs_s1_m20,05_001,1115.39,112540,0.45
sim.pacbio.child.chr1.cov60,raw,hN,downs_s1_m20,05_01,323.88,60156,0.51
sim.pacbio.child.chr1.cov60,raw,hN,downs_s1_m20,05_1,271.92,64636,0.58
sim.pacbio.child.chr1.cov60,realigned,hN,downs_s1_m15,05_0001,274.69,36096,0.23
sim.pacbio.child.chr1.cov60,realigned,hN,downs_s1_m15,05_001,111.55,18940,0.23
sim.pacbio.child.chr1.cov60,realigned,hN,downs_s1_m15,05_01,35.32,8936,0.23
sim.pacbio.child.chr1.cov60,realigned,hN,downs_s1_m15,05_1,8.75,4424,0.23
sim.pacbio.child.chr1.cov60,realigned,hN,downs_s1_m20,05_0001,4953.45,506408,0.23
sim.pacbio.child.chr1.cov60,realigned,hN,downs_s1_m20,05_001,1798.86,212928,0.23
sim.pacbio.child.chr1.cov60,realigned,hN,downs_s1_m20,05_01,457.53,61180,0.23
sim.pacbio.child.chr1.cov60,realigned,hN,downs_s1_m20,05_1,29.19,8396,0.23
sim.pacbio.child.chr1.covall,raw,hN,downs_s1_m15,05_0001,157.08,15520,0.46
sim.pacbio.child.chr1.covall,raw,hN,downs_s1_m15,05_001,64.77,8964,0.49
sim.pacbio.child.chr1.covall,raw,hN,downs_s1_m15,05_01,22.40,5536,0.59
sim.pacbio.child.chr1.covall,raw,hN,downs_s1_m15,05_1,17.76,4476,0.70
sim.pacbio.child.chr1.covall,raw,hN,downs_s1_m20,05_0001,2142.90,166276,0.32
sim.pacbio.child.chr1.covall,raw,hN,downs_s1_m20,05_001,782.48,71928,0.34
sim.pacbio.child.chr1.covall,raw,hN,downs_s1_m20,05_01,226.29,33500,0.36
sim.pacbio.child.chr1.covall,raw,hN,downs_s1_m20,05_1,203.59,40512,0.50
sim.pacbio.child.chr1.covall,realigned,hN,downs_s1_m15,05_0001,210.33,21892,0.05
sim.pacbio.child.chr1.covall,realigned,hN,downs_s1_m15,05_001,88.64,11908,0.05
sim.pacbio.child.chr1.covall,realigned,hN,downs_s1_m15,05_01,28.92,6020,0.05
sim.pacbio.child.chr1.covall,realigned,hN,downs_s1_m15,05_1,7.26,3452,0.07
sim.pacbio.child.chr1.covall,realigned,hN,downs_s1_m20,05_0001,3132.66,272876,0.04
sim.pacbio.child.chr1.covall,realigned,hN,downs_s1_m20,05_001,1158.41,117408,0.04
sim.pacbio.child.chr1.covall,realigned,hN,downs_s1_m20,05_01,289.41,35688,0.04
sim.pacbio.child.chr1.covall,realigned,hN,downs_s1_m20,05_1,22.74,6352,0.05
sim.pacbio.child.chr21.cov10,raw,hN,downs_s1_m15,05_0001,15.53,9388,0.55
sim.pacbio.child.chr21.cov10,raw,hN,downs_s1_m15,05_001,7.03,5700,0.55
sim.pacbio.child.chr21.cov10,raw,hN,downs_s1_m15,05_01,2.67,4388,0.70
sim.pacbio.child.chr21.cov10,raw,hN,downs_s1_m15,05_1,1.78,3912,0.90
sim.pacbio.child.chr21.cov10,raw,hN,downs_s1_m20,05_0001,68.82,64212,0.52
sim.pacbio.child.chr21.cov10,raw,hN,downs_s1_m20,05_001,26.96,27920,0.53
sim.pacbio.child.chr21.cov10,raw,hN,downs_s1_m20,05_01,9.04,14604,0.59
sim.pacbio.child.chr21.cov10,raw,hN,downs_s1_m20,05_1,9.69,19332,0.84
sim.pacbio.child.chr21.cov10,realigned,hN,downs_s1_m15,05_0001,18.61,10252,0.04
sim.pacbio.child.chr21.cov10,realigned,hN,downs_s1_m15,05_001,8.72,6564,0.04
sim.pacbio.child.chr21.cov10,realigned,hN,downs_s1_m15,05_01,3.08,3688,0.04
sim.pacbio.child.chr21.cov10,realigned,hN,downs_s1_m15,05_1,0.82,2364,0.05
sim.pacbio.child.chr21.cov10,realigned,hN,downs_s1_m20,05_0001,85.09,43312,0.04
sim.pacbio.child.chr21.cov10,realigned,hN,downs_s1_m20,05_001,33.64,19292,0.04
sim.pacbio.child.chr21.cov10,realigned,hN,downs_s1_m20,05_01,8.79,7344,0.04
sim.pacbio.child.chr21.cov10,realigned,hN,downs_s1_m20,05_1,1.54,3180,0.05
sim.pacbio.child.chr21.cov15,raw,hN,downs_s1_m15,05_0001,26.65,11124,0.21
sim.pacbio.child.chr21.cov15,raw,hN,downs_s1_m15,05_001,11.30,6512,0.25
sim.pacbio.child.chr21.cov15,raw,hN,downs_s1_m15,05_01,4.23,4736,0.37
sim.pacbio.child.chr21.cov15,raw,hN,downs_s1_m15,05_1,2.67,4464,0.57
sim.pacbio.child.chr21.cov15,raw,hN,downs_s1_m20,05_0001,293.15,94596,0.12
sim.pacbio.child.chr21.cov15,raw,hN,downs_s1_m20,05_001,109.07,40952,0.22
sim.pacbio.child.chr21.cov15,raw,hN,downs_s1_m20,05_01,34.32,24344,0.28
sim.pacbio.child.chr21.cov15,raw,hN,downs_s1_m20,05_1,31.93,36404,0.41
sim.pacbio.child.chr21.cov15,realigned,hN,downs_s1_m15,05_0001,34.91,14148,0.00
sim.pacbio.child.chr21.cov15,realigned,hN,downs_s1_m15,05_001,15.18,8436,0.02
sim.pacbio.child.chr21.cov15,realigned,hN,downs_s1_m15,05_01,5.10,4468,0.00
sim.pacbio.child.chr21.cov15,realigned,hN,downs_s1_m15,05_1,1.45,2672,0.00
sim.pacbio.child.chr21.cov15,realigned,hN,downs_s1_m20,05_0001,388.52,117692,0.00
sim.pacbio.child.chr21.cov15,realigned,hN,downs_s1_m20,05_001,146.27,51296,0.00
sim.pacbio.child.chr21.cov15,realigned,hN,downs_s1_m20,05_01,36.12,15700,0.00
sim.pacbio.child.chr21.cov15,realigned,hN,downs_s1_m20,05_1,3.60,4968,0.00
sim.pacbio.child.chr21.cov20,raw,hN,downs_s1_m15,05_0001,30.23,12856,0.29
sim.pacbio.child.chr21.cov20,raw,hN,downs_s1_m15,05_001,12.56,7316,0.32
sim.pacbio.child.chr21.cov20,raw,hN,downs_s1_m15,05_01,4.52,4284,0.54
sim.pacbio.child.chr21.cov20,raw,hN,downs_s1_m15,05_1,2.82,4224,0.57
sim.pacbio.child.chr21.cov20,raw,hN,downs_s1_m20,05_0001,416.00,153704,0.12
sim.pacbio.child.chr21.cov20,raw,hN,downs_s1_m20,05_001,152.99,64680,0.13
sim.pacbio.child.chr21.cov20,raw,hN,downs_s1_m20,05_01,45.12,23868,0.21
sim.pacbio.child.chr21.cov20,raw,hN,downs_s1_m20,05_1,42.92,27676,0.38
sim.pacbio.child.chr21.cov20,realigned,hN,downs_s1_m15,05_0001,41.97,16872,0.02
sim.pacbio.child.chr21.cov20,realigned,hN,downs_s1_m15,05_001,17.92,9440,0.02
sim.pacbio.child.chr21.cov20,realigned,hN,downs_s1_m15,05_01,5.88,4780,0.02
sim.pacbio.child.chr21.cov20,realigned,hN,downs_s1_m15,05_1,1.45,2848,0.04
sim.pacbio.child.chr21.cov20,realigned,hN,downs_s1_m20,05_0001,628.49,186072,0.02
sim.pacbio.child.chr21.cov20,realigned,hN,downs_s1_m20,05_001,233.58,79136,0.02
sim.pacbio.child.chr21.cov20,realigned,hN,downs_s1_m20,05_01,58.70,24072,0.02
sim.pacbio.child.chr21.cov20,realigned,hN,downs_s1_m20,05_1,5.81,9112,0.06
sim.pacbio.child.chr21.cov25,raw,hN,downs_s1_m15,05_0001,30.30,13124,0.20
sim.pacbio.child.chr21.cov25,raw,hN,downs_s1_m15,05_001,12.64,7316,0.24
sim.pacbio.child.chr21.cov25,raw,hN,downs_s1_m15,05_01,4.64,4256,0.27
sim.pacbio.child.chr21.cov25,raw,hN,downs_s1_m15,05_1,3.26,4680,0.62
sim.pacbio.child.chr21.cov25,raw,hN,downs_s1_m20,05_0001,413.63,165288,0.16
sim.pacbio.child.chr21.cov25,raw,hN,downs_s1_m20,05_001,152.32,69304,0.19
sim.pacbio.child.chr21.cov25,raw,hN,downs_s1_m20,05_01,46.33,46532,0.24
sim.pacbio.child.chr21.cov25,raw,hN,downs_s1_m20,05_1,38.79,49548,0.40
sim.pacbio.child.chr21.cov25,realigned,hN,downs_s1_m15,05_0001,41.74,17500,0.02
sim.pacbio.child.chr21.cov25,realigned,hN,downs_s1_m15,05_001,17.76,9684,0.05
sim.pacbio.child.chr21.cov25,realigned,hN,downs_s1_m15,05_01,5.85,5008,0.05
sim.pacbio.child.chr21.cov25,realigned,hN,downs_s1_m15,05_1,1.46,2692,0.04
sim.pacbio.child.chr21.cov25,realigned,hN,downs_s1_m20,05_0001,628.06,198336,0.01
sim.pacbio.child.chr21.cov25,realigned,hN,downs_s1_m20,05_001,233.59,83976,0.03
sim.pacbio.child.chr21.cov25,realigned,hN,downs_s1_m20,05_01,58.45,22948,0.03
sim.pacbio.child.chr21.cov25,realigned,hN,downs_s1_m20,05_1,5.71,6164,0.01
sim.pacbio.child.chr21.cov30,raw,hN,downs_s1_m15,05_0001,30.35,13128,0.20
sim.pacbio.child.chr21.cov30,raw,hN,downs_s1_m15,05_001,12.68,7316,0.24
sim.pacbio.child.chr21.cov30,raw,hN,downs_s1_m15,05_01,4.63,4276,0.27
sim.pacbio.child.chr21.cov30,raw,hN,downs_s1_m15,05_1,3.27,4684,0.62
sim.pacbio.child.chr21.cov30,raw,hN,downs_s1_m20,05_0001,413.31,165156,0.16
sim.pacbio.child.chr21.cov30,raw,hN,downs_s1_m20,05_001,151.29,69312,0.19
sim.pacbio.child.chr21.cov30,raw,hN,downs_s1_m20,05_01,46.64,46336,0.24
sim.pacbio.child.chr21.cov30,raw,hN,downs_s1_m20,05_1,38.72,49548,0.40
sim.pacbio.child.chr21.cov30,realigned,hN,downs_s1_m15,05_0001,41.70,17636,0.02
sim.pacbio.child.chr21.cov30,realigned,hN,downs_s1_m15,05_001,17.78,9688,0.05
sim.pacbio.child.chr21.cov30,realigned,hN,downs_s1_m15,05_01,5.82,5008,0.05
sim.pacbio.child.chr21.cov30,realigned,hN,downs_s1_m15,05_1,1.47,2696,0.04
sim.pacbio.child.chr21.cov30,realigned,hN,downs_s1_m20,05_0001,628.39,198200,0.01
sim.pacbio.child.chr21.cov30,realigned,hN,downs_s1_m20,05_001,233.52,84044,0.03
sim.pacbio.child.chr21.cov30,realigned,hN,downs_s1_m20,05_01,58.51,22764,0.03
sim.pacbio.child.chr21.cov30,realigned,hN,downs_s1_m20,05_1,5.67,6164,0.01
sim.pacbio.child.chr21.cov40,raw,hN,downs_s1_m15,05_0001,36.82,13088,0.57
sim.pacbio.child.chr21.cov40,raw,hN,downs_s1_m15,05_001,14.91,7388,0.61
sim.pacbio.child.chr21.cov40,raw,hN,downs_s1_m15,05_01,5.27,4508,0.62
sim.pacbio.child.chr21.cov40,raw,hN,downs_s1_m15,05_1,3.10,3984,0.78
sim.pacbio.child.chr21.cov40,raw,hN,downs_s1_m20,05_0001,578.63,173132,0.51
sim.pacbio.child.chr21.cov40,raw,hN,downs_s1_m20,05_001,209.11,72488,0.51
sim.pacbio.child.chr21.cov40,raw,hN,downs_s1_m20,05_01,58.62,23652,0.54
sim.pacbio.child.chr21.cov40,raw,hN,downs_s1_m20,05_1,52.98,31596,0.59
sim.pacbio.child.chr21.cov40,realigned,hN,downs_s1_m15,05_0001,53.22,18168,0.43
sim.pacbio.child.chr21.cov40,realigned,hN,downs_s1_m15,05_001,21.95,10064,0.43
sim.pacbio.child.chr21.cov40,realigned,hN,downs_s1_m15,05_01,6.99,5096,0.43
sim.pacbio.child.chr21.cov40,realigned,hN,downs_s1_m15,05_1,1.72,2860,0.43
sim.pacbio.child.chr21.cov40,realigned,hN,downs_s1_m20,05_0001,982.12,260216,0.45
sim.pacbio.child.chr21.cov40,realigned,hN,downs_s1_m20,05_001,357.88,109048,0.45
sim.pacbio.child.chr21.cov40,realigned,hN,downs_s1_m20,05_01,90.49,33104,0.45
sim.pacbio.child.chr21.cov40,realigned,hN,downs_s1_m20,05_1,5.99,5016,0.45
sim.pacbio.child.chr21.cov50,raw,hN,downs_s1_m15,05_0001,36.61,12868,0.70
sim.pacbio.child.chr21.cov50,raw,hN,downs_s1_m15,05_001,14.78,7296,0.65
sim.pacbio.child.chr21.cov50,raw,hN,downs_s1_m15,05_01,5.14,4500,0.83
sim.pacbio.child.chr21.cov50,raw,hN,downs_s1_m15,05_1,3.19,3964,0.88
sim.pacbio.child.chr21.cov50,raw,hN,downs_s1_m20,05_0001,588.81,177768,0.49
sim.pacbio.child.chr21.cov50,raw,hN,downs_s1_m20,05_001,212.23,74440,0.52
sim.pacbio.child.chr21.cov50,raw,hN,downs_s1_m20,05_01,61.93,31668,0.56
sim.pacbio.child.chr21.cov50,raw,hN,downs_s1_m20,05_1,60.75,82744,0.60
sim.pacbio.child.chr21.cov50,realigned,hN,downs_s1_m15,05_0001,53.45,23752,0.43
sim.pacbio.child.chr21.cov50,realigned,hN,downs_s1_m15,05_001,22.04,13016,0.43
sim.pacbio.child.chr21.cov50,realigned,hN,downs_s1_m15,05_01,7.01,6348,0.43
sim.pacbio.child.chr21.cov50,realigned,hN,downs_s1_m15,05_1,1.68,3176,0.43
sim.pacbio.child.chr21.cov50,realigned,hN,downs_s1_m20,05_0001,986.99,304240,0.42
sim.pacbio.child.chr21.cov50,realigned,hN,downs_s1_m20,05_001,360.10,128308,0.42
sim.pacbio.child.chr21.cov50,realigned,hN,downs_s1_m20,05_01,91.04,37144,0.42
sim.pacbio.child.chr21.cov50,realigned,hN,downs_s1_m20,05_1,6.24,8956,0.42
sim.pacbio.child.chr21.cov5,raw,hN,downs_s1_m15,05_0001,1.43,3336,1.98
sim.pacbio.child.chr21.cov5,raw,hN,downs_s1_m15,05_001,0.86,2784,2.00
sim.pacbio.child.chr21.cov5,raw,hN,downs_s1_m15,05_01,0.41,2252,2.37
sim.pacbio.child.chr21.cov5,raw,hN,downs_s1_m15,05_1,0.33,2312,3.38
sim.pacbio.child.chr21.cov5,raw,hN,downs_s1_m20,05_0001,1.56,3576,1.98
sim.pacbio.child.chr21.cov5,raw,hN,downs_s1_m20,05_001,0.90,2784,2.00
sim.pacbio.child.chr21.cov5,raw,hN,downs_s1_m20,05_01,0.42,2252,2.37
sim.pacbio.child.chr21.cov5,raw,hN,downs_s1_m20,05_1,0.28,2176,3.36
sim.pacbio.child.chr21.cov5,realigned,hN,downs_s1_m15,05_0001,1.47,3580,0.13
sim.pacbio.child.chr21.cov5,realigned,hN,downs_s1_m15,05_001,0.89,2784,0.13
sim.pacbio.child.chr21.cov5,realigned,hN,downs_s1_m15,05_01,0.48,2260,0.17
sim.pacbio.child.chr21.cov5,realigned,hN,downs_s1_m15,05_1,0.21,2104,0.30
sim.pacbio.child.chr21.cov5,realigned,hN,downs_s1_m20,05_0001,1.62,3572,0.13
sim.pacbio.child.chr21.cov5,realigned,hN,downs_s1_m20,05_001,1.00,2784,0.13
sim.pacbio.child.chr21.cov5,realigned,hN,downs_s1_m20,05_01,0.44,2256,0.17
sim.pacbio.child.chr21.cov5,realigned,hN,downs_s1_m20,05_1,0.20,2072,0.30
sim.pacbio.child.chr21.cov60,raw,hN,downs_s1_m15,05_0001,36.59,12868,0.70
sim.pacbio.child.chr21.cov60,raw,hN,downs_s1_m15,05_001,14.77,7292,0.65
sim.pacbio.child.chr21.cov60,raw,hN,downs_s1_m15,05_01,5.11,4500,0.83
sim.pacbio.child.chr21.cov60,raw,hN,downs_s1_m15,05_1,3.16,3964,0.88
sim.pacbio.child.chr21.cov60,raw,hN,downs_s1_m20,05_0001,588.43,177836,0.49
sim.pacbio.child.chr21.cov60,raw,hN,downs_s1_m20,05_001,212.79,74432,0.52
sim.pacbio.child.chr21.cov60,raw,hN,downs_s1_m20,05_01,61.96,31680,0.56
sim.pacbio.child.chr21.cov60,raw,hN,downs_s1_m20,05_1,60.62,83088,0.60
sim.pacbio.child.chr21.cov60,realigned,hN,downs_s1_m15,05_0001,53.88,23884,0.43
sim.pacbio.child.chr21.cov60,realigned,hN,downs_s1_m15,05_001,22.04,13016,0.43
sim.pacbio.child.chr21.cov60,realigned,hN,downs_s1_m15,05_01,7.03,6348,0.43
sim.pacbio.child.chr21.cov60,realigned,hN,downs_s1_m15,05_1,1.70,3176,0.43
sim.pacbio.child.chr21.cov60,realigned,hN,downs_s1_m20,05_0001,986.69,304244,0.42
sim.pacbio.child.chr21.cov60,realigned,hN,downs_s1_m20,05_001,360.97,128304,0.42
sim.pacbio.child.chr21.cov60,realigned,hN,downs_s1_m20,05_01,91.07,37144,0.42
sim.pacbio.child.chr21.cov60,realigned,hN,downs_s1_m20,05_1,6.26,8960,0.42
sim.pacbio.child.chr21.covall,raw,hN,downs_s1_m15,05_0001,30.36,13124,0.20
sim.pacbio.child.chr21.covall,raw,hN,downs_s1_m15,05_001,13.00,7320,0.24
sim.pacbio.child.chr21.covall,raw,hN,downs_s1_m15,05_01,4.62,4264,0.27
sim.pacbio.child.chr21.covall,raw,hN,downs_s1_m15,05_1,3.27,4684,0.62
sim.pacbio.child.chr21.covall,raw,hN,downs_s1_m20,05_0001,413.37,165156,0.16
sim.pacbio.child.chr21.covall,raw,hN,downs_s1_m20,05_001,151.41,69288,0.19
sim.pacbio.child.chr21.covall,raw,hN,downs_s1_m20,05_01,46.34,46440,0.24
sim.pacbio.child.chr21.covall,raw,hN,downs_s1_m20,05_1,38.85,49876,0.40
sim.pacbio.child.chr21.covall,realigned,hN,downs_s1_m15,05_0001,41.67,17504,0.02
sim.pacbio.child.chr21.covall,realigned,hN,downs_s1_m15,05_001,17.76,9684,0.05
sim.pacbio.child.chr21.covall,realigned,hN,downs_s1_m15,05_01,5.82,5008,0.05
sim.pacbio.child.chr21.covall,realigned,hN,downs_s1_m15,05_1,1.47,2696,0.04
sim.pacbio.child.chr21.covall,realigned,hN,downs_s1_m20,05_0001,628.17,198432,0.01
sim.pacbio.child.chr21.covall,realigned,hN,downs_s1_m20,05_001,233.81,84040,0.03
sim.pacbio.child.chr21.covall,realigned,hN,downs_s1_m20,05_01,58.45,22844,0.03
sim.pacbio.child.chr21.covall,realigned,hN,downs_s1_m20,05_1,5.70,6164,0.01
