#dataset,raw/realigned,whatshap_downsample,epsilon_alpha,time(secs),mem(kB),swerr(%)
ashk.pacbio.child.chr1.cov10,raw,h15,05_0001,38.30,7592,1.62
ashk.pacbio.child.chr1.cov10,raw,h15,05_001,19.13,5216,1.55
ashk.pacbio.child.chr1.cov10,raw,h15,05_01,7.29,3408,1.70
ashk.pacbio.child.chr1.cov10,raw,h15,05_1,4.50,2860,2.22
ashk.pacbio.child.chr1.cov10,raw,h20,05_0001,102.42,27068,1.62
ashk.pacbio.child.chr1.cov10,raw,h20,05_001,43.04,12612,1.55
ashk.pacbio.child.chr1.cov10,raw,h20,05_01,15.01,15080,1.72
ashk.pacbio.child.chr1.cov10,raw,h20,05_1,12.77,15396,2.24
ashk.pacbio.child.chr1.cov10,raw,h25,05_0001,141.99,51152,1.62
ashk.pacbio.child.chr1.cov10,raw,h25,05_001,57.01,19936,1.55
ashk.pacbio.child.chr1.cov10,raw,h25,05_01,19.09,12692,1.72
ashk.pacbio.child.chr1.cov10,raw,h25,05_1,19.38,27332,2.24
ashk.pacbio.child.chr1.cov10,realigned,h15,05_0001,41.53,7688,0.31
ashk.pacbio.child.chr1.cov10,realigned,h15,05_001,20.93,5196,0.31
ashk.pacbio.child.chr1.cov10,realigned,h15,05_01,8.07,3388,0.31
ashk.pacbio.child.chr1.cov10,realigned,h15,05_1,2.45,2568,0.35
ashk.pacbio.child.chr1.cov10,realigned,h20,05_0001,108.70,29920,0.31
ashk.pacbio.child.chr1.cov10,realigned,h20,05_001,48.46,13996,0.31
ashk.pacbio.child.chr1.cov10,realigned,h20,05_01,16.70,5452,0.31
ashk.pacbio.child.chr1.cov10,realigned,h20,05_1,3.57,2916,0.35
ashk.pacbio.child.chr1.cov15,raw,h15,05_0001,86.74,12972,0.95
ashk.pacbio.child.chr1.cov15,raw,h15,05_001,38.47,7620,0.89
ashk.pacbio.child.chr1.cov15,raw,h15,05_01,14.19,4432,0.95
ashk.pacbio.child.chr1.cov15,raw,h15,05_1,8.67,3788,1.26
ashk.pacbio.child.chr1.cov15,raw,h20,05_0001,593.83,85028,0.95
ashk.pacbio.child.chr1.cov15,raw,h20,05_001,236.40,40888,0.92
ashk.pacbio.child.chr1.cov15,raw,h20,05_01,76.37,61924,0.96
ashk.pacbio.child.chr1.cov15,raw,h20,05_1,59.50,21648,1.23
ashk.pacbio.child.chr1.cov15,raw,h25,05_0001,1944.07,271380,0.96
ashk.pacbio.child.chr1.cov15,raw,h25,05_001,645.27,274544,0.92
ashk.pacbio.child.chr1.cov15,raw,h25,05_01,229.64,107868,0.96
ashk.pacbio.child.chr1.cov15,raw,h25,05_1,343.48,317884,1.23
ashk.pacbio.child.chr1.cov15,realigned,h15,05_0001,94.67,12860,0.25
ashk.pacbio.child.chr1.cov15,realigned,h15,05_001,44.90,7860,0.25
ashk.pacbio.child.chr1.cov15,realigned,h15,05_01,19.39,4432,0.25
ashk.pacbio.child.chr1.cov15,realigned,h15,05_1,4.47,2924,0.26
ashk.pacbio.child.chr1.cov15,realigned,h20,05_0001,632.06,88984,0.25
ashk.pacbio.child.chr1.cov15,realigned,h20,05_001,251.90,40496,0.25
ashk.pacbio.child.chr1.cov15,realigned,h20,05_01,64.62,12716,0.25
ashk.pacbio.child.chr1.cov15,realigned,h20,05_1,10.58,5068,0.25
ashk.pacbio.child.chr1.cov20,raw,h15,05_0001,108.78,13776,0.65
ashk.pacbio.child.chr1.cov20,raw,h15,05_001,45.84,7968,0.63
ashk.pacbio.child.chr1.cov20,raw,h15,05_01,16.90,4548,0.71
ashk.pacbio.child.chr1.cov20,raw,h15,05_1,9.26,4156,0.84
ashk.pacbio.child.chr1.cov20,raw,h20,05_0001,1172.17,124316,0.63
ashk.pacbio.child.chr1.cov20,raw,h20,05_001,447.30,54456,0.62
ashk.pacbio.child.chr1.cov20,raw,h20,05_01,134.84,32552,0.68
ashk.pacbio.child.chr1.cov20,raw,h20,05_1,108.86,28412,0.78
ashk.pacbio.child.chr1.cov20,raw,h25,05_0001,6761.94,1000496,0.63
ashk.pacbio.child.chr1.cov20,raw,h25,05_001,2052.05,496364,0.64
ashk.pacbio.child.chr1.cov20,raw,h25,05_01,805.01,373076,0.66
ashk.pacbio.child.chr1.cov20,raw,h25,05_1,1309.64,396892,0.78
ashk.pacbio.child.chr1.cov20,realigned,h15,05_0001,121.45,14816,0.24
ashk.pacbio.child.chr1.cov20,realigned,h15,05_001,54.69,8756,0.24
ashk.pacbio.child.chr1.cov20,realigned,h15,05_01,18.58,4992,0.24
ashk.pacbio.child.chr1.cov20,realigned,h15,05_1,5.03,3188,0.24
ashk.pacbio.child.chr1.cov20,realigned,h20,05_0001,1280.51,137132,0.24
ashk.pacbio.child.chr1.cov20,realigned,h20,05_001,496.71,61260,0.24
ashk.pacbio.child.chr1.cov20,realigned,h20,05_01,120.77,18832,0.24
ashk.pacbio.child.chr1.cov20,realigned,h20,05_1,14.96,6552,0.24
ashk.pacbio.child.chr1.cov25,raw,h15,05_0001,116.49,14684,0.59
ashk.pacbio.child.chr1.cov25,raw,h15,05_001,48.36,8244,0.59
ashk.pacbio.child.chr1.cov25,raw,h15,05_01,16.54,5016,0.61
ashk.pacbio.child.chr1.cov25,raw,h15,05_1,9.15,3748,0.69
ashk.pacbio.child.chr1.cov25,raw,h20,05_0001,1489.44,142604,0.53
ashk.pacbio.child.chr1.cov25,raw,h20,05_001,549.14,60992,0.51
ashk.pacbio.child.chr1.cov25,raw,h20,05_01,160.07,31796,0.55
ashk.pacbio.child.chr1.cov25,raw,h20,05_1,131.28,29216,0.63
ashk.pacbio.child.chr1.cov25,realigned,h15,05_0001,128.33,15676,0.23
ashk.pacbio.child.chr1.cov25,realigned,h15,05_001,56.77,9012,0.23
ashk.pacbio.child.chr1.cov25,realigned,h15,05_01,19.17,4756,0.23
ashk.pacbio.child.chr1.cov25,realigned,h15,05_1,5.46,3176,0.23
ashk.pacbio.child.chr1.cov25,realigned,h20,05_0001,1628.43,153072,0.23
ashk.pacbio.child.chr1.cov25,realigned,h20,05_001,621.41,66612,0.23
ashk.pacbio.child.chr1.cov25,realigned,h20,05_01,150.95,20092,0.23
ashk.pacbio.child.chr1.cov25,realigned,h20,05_1,15.46,5776,0.23
ashk.pacbio.child.chr1.cov30,raw,h15,05_0001,123.60,22612,0.53
ashk.pacbio.child.chr1.cov30,raw,h15,05_001,49.44,12324,0.54
ashk.pacbio.child.chr1.cov30,raw,h15,05_01,16.43,6376,0.59
ashk.pacbio.child.chr1.cov30,raw,h15,05_1,8.53,4384,0.68
ashk.pacbio.child.chr1.cov30,raw,h20,05_0001,1634.32,229248,0.48
ashk.pacbio.child.chr1.cov30,raw,h20,05_001,602.47,97920,0.46
ashk.pacbio.child.chr1.cov30,raw,h20,05_01,175.91,38300,0.51
ashk.pacbio.child.chr1.cov30,raw,h20,05_1,125.59,30688,0.62
ashk.pacbio.child.chr1.cov30,realigned,h15,05_0001,134.69,16148,0.25
ashk.pacbio.child.chr1.cov30,realigned,h15,05_001,58.35,9020,0.25
ashk.pacbio.child.chr1.cov30,realigned,h15,05_01,19.44,4816,0.25
ashk.pacbio.child.chr1.cov30,realigned,h15,05_1,5.30,2956,0.24
ashk.pacbio.child.chr1.cov30,realigned,h20,05_0001,1813.61,167168,0.24
ashk.pacbio.child.chr1.cov30,realigned,h20,05_001,689.10,71644,0.24
ashk.pacbio.child.chr1.cov30,realigned,h20,05_01,165.89,21724,0.24
ashk.pacbio.child.chr1.cov30,realigned,h20,05_1,15.10,6708,0.23
ashk.pacbio.child.chr1.cov40,raw,h15,05_0001,130.79,23656,0.53
ashk.pacbio.child.chr1.cov40,raw,h15,05_001,52.94,12564,0.50
ashk.pacbio.child.chr1.cov40,raw,h15,05_01,18.03,6360,0.54
ashk.pacbio.child.chr1.cov40,raw,h15,05_1,8.66,4388,0.58
ashk.pacbio.child.chr1.cov40,raw,h20,05_0001,1826.65,243396,0.46
ashk.pacbio.child.chr1.cov40,raw,h20,05_001,671.05,102056,0.44
ashk.pacbio.child.chr1.cov40,raw,h20,05_01,190.81,35072,0.47
ashk.pacbio.child.chr1.cov40,raw,h20,05_1,117.03,24052,0.53
ashk.pacbio.child.chr1.cov40,realigned,h15,05_0001,143.62,26068,0.24
ashk.pacbio.child.chr1.cov40,realigned,h15,05_001,61.08,14144,0.24
ashk.pacbio.child.chr1.cov40,realigned,h15,05_01,20.15,7040,0.24
ashk.pacbio.child.chr1.cov40,realigned,h15,05_1,5.35,3856,0.25
ashk.pacbio.child.chr1.cov40,realigned,h20,05_0001,2032.27,272996,0.24
ashk.pacbio.child.chr1.cov40,realigned,h20,05_001,763.34,115660,0.24
ashk.pacbio.child.chr1.cov40,realigned,h20,05_01,187.87,33496,0.24
ashk.pacbio.child.chr1.cov40,realigned,h20,05_1,15.07,6584,0.24
ashk.pacbio.child.chr1.cov50,raw,h15,05_0001,131.76,24208,0.48
ashk.pacbio.child.chr1.cov50,raw,h15,05_001,53.12,12616,0.51
ashk.pacbio.child.chr1.cov50,raw,h15,05_01,18.80,6540,0.52
ashk.pacbio.child.chr1.cov50,raw,h15,05_1,8.97,4520,0.58
ashk.pacbio.child.chr1.cov50,raw,h20,05_0001,1862.14,266488,0.44
ashk.pacbio.child.chr1.cov50,raw,h20,05_001,685.72,111180,0.45
ashk.pacbio.child.chr1.cov50,raw,h20,05_01,200.06,44288,0.47
ashk.pacbio.child.chr1.cov50,raw,h20,05_1,119.18,27172,0.52
ashk.pacbio.child.chr1.cov50,realigned,h15,05_0001,145.52,25800,0.25
ashk.pacbio.child.chr1.cov50,realigned,h15,05_001,61.29,13880,0.25
ashk.pacbio.child.chr1.cov50,realigned,h15,05_01,20.08,7016,0.25
ashk.pacbio.child.chr1.cov50,realigned,h15,05_1,5.33,3852,0.24
ashk.pacbio.child.chr1.cov50,realigned,h20,05_0001,2089.81,272000,0.25
ashk.pacbio.child.chr1.cov50,realigned,h20,05_001,781.96,115408,0.24
ashk.pacbio.child.chr1.cov50,realigned,h20,05_01,193.59,34712,0.24
ashk.pacbio.child.chr1.cov50,realigned,h20,05_1,14.34,6520,0.24
ashk.pacbio.child.chr1.cov5,raw,h15,05_0001,2.91,2940,4.46
ashk.pacbio.child.chr1.cov5,raw,h15,05_001,1.99,2660,4.47
ashk.pacbio.child.chr1.cov5,raw,h15,05_01,1.23,2380,4.55
ashk.pacbio.child.chr1.cov5,raw,h15,05_1,0.95,2404,5.71
ashk.pacbio.child.chr1.cov5,raw,h20,05_0001,3.04,3520,4.46
ashk.pacbio.child.chr1.cov5,raw,h20,05_001,2.14,2924,4.47
ashk.pacbio.child.chr1.cov5,raw,h20,05_01,1.24,2428,4.55
ashk.pacbio.child.chr1.cov5,raw,h20,05_1,0.95,2436,5.71
ashk.pacbio.child.chr1.cov5,raw,h25,05_0001,3.15,3516,4.46
ashk.pacbio.child.chr1.cov5,raw,h25,05_001,2.12,2924,4.47
ashk.pacbio.child.chr1.cov5,raw,h25,05_01,1.17,2428,4.55
ashk.pacbio.child.chr1.cov5,raw,h25,05_1,1.05,2436,5.71
ashk.pacbio.child.chr1.cov5,realigned,h15,05_0001,3.27,3152,0.65
ashk.pacbio.child.chr1.cov5,realigned,h15,05_001,2.19,2572,0.65
ashk.pacbio.child.chr1.cov5,realigned,h15,05_01,1.31,2368,0.65
ashk.pacbio.child.chr1.cov5,realigned,h15,05_1,0.87,2352,0.83
ashk.pacbio.child.chr1.cov5,realigned,h20,05_0001,3.00,3432,0.65
ashk.pacbio.child.chr1.cov5,realigned,h20,05_001,2.32,2836,0.65
ashk.pacbio.child.chr1.cov5,realigned,h20,05_01,1.36,2400,0.65
ashk.pacbio.child.chr1.cov5,realigned,h20,05_1,0.85,2348,0.83
ashk.pacbio.child.chr1.cov60,raw,h15,05_0001,132.61,24444,0.45
ashk.pacbio.child.chr1.cov60,raw,h15,05_001,53.23,12836,0.46
ashk.pacbio.child.chr1.cov60,raw,h15,05_01,17.73,6504,0.51
ashk.pacbio.child.chr1.cov60,raw,h15,05_1,8.89,4388,0.55
ashk.pacbio.child.chr1.cov60,raw,h20,05_0001,1882.23,272480,0.41
ashk.pacbio.child.chr1.cov60,raw,h20,05_001,687.15,113436,0.41
ashk.pacbio.child.chr1.cov60,raw,h20,05_01,192.76,34164,0.43
ashk.pacbio.child.chr1.cov60,raw,h20,05_1,113.88,44500,0.46
ashk.pacbio.child.chr1.cov60,realigned,h15,05_0001,146.40,26056,0.23
ashk.pacbio.child.chr1.cov60,realigned,h15,05_001,61.30,13908,0.23
ashk.pacbio.child.chr1.cov60,realigned,h15,05_01,19.98,6776,0.23
ashk.pacbio.child.chr1.cov60,realigned,h15,05_1,5.32,3856,0.24
ashk.pacbio.child.chr1.cov60,realigned,h20,05_0001,2115.79,286336,0.23
ashk.pacbio.child.chr1.cov60,realigned,h20,05_001,790.35,120848,0.23
ashk.pacbio.child.chr1.cov60,realigned,h20,05_01,197.67,34064,0.23
ashk.pacbio.child.chr1.cov60,realigned,h20,05_1,14.31,6000,0.23
ashk.pacbio.child.chr1.covall,raw,h15,05_0001,127.40,24448,0.45
ashk.pacbio.child.chr1.covall,raw,h15,05_001,54.15,12836,0.46
ashk.pacbio.child.chr1.covall,raw,h15,05_01,16.40,6504,0.51
ashk.pacbio.child.chr1.covall,raw,h15,05_1,8.33,4392,0.55
ashk.pacbio.child.chr1.covall,raw,h20,05_0001,1758.54,272456,0.41
ashk.pacbio.child.chr1.covall,raw,h20,05_001,636.99,113592,0.41
ashk.pacbio.child.chr1.covall,raw,h20,05_01,179.36,34044,0.43
ashk.pacbio.child.chr1.covall,raw,h20,05_1,110.13,44508,0.46
ashk.pacbio.child.chr1.covall,realigned,h15,05_0001,139.09,26056,0.23
ashk.pacbio.child.chr1.covall,realigned,h15,05_001,56.93,13912,0.23
ashk.pacbio.child.chr1.covall,realigned,h15,05_01,18.83,6776,0.23
ashk.pacbio.child.chr1.covall,realigned,h15,05_1,4.93,3856,0.24
ashk.pacbio.child.chr1.covall,realigned,h20,05_0001,1999.07,286340,0.23
ashk.pacbio.child.chr1.covall,realigned,h20,05_001,745.22,120944,0.23
ashk.pacbio.child.chr1.covall,realigned,h20,05_01,187.74,34068,0.23
ashk.pacbio.child.chr1.covall,realigned,h20,05_1,13.42,6044,0.23
ashk.pacbio.child.chr21.cov10,raw,h15,05_0001,10.80,7564,1.69
ashk.pacbio.child.chr21.cov10,raw,h15,05_001,5.15,4780,1.58
ashk.pacbio.child.chr21.cov10,raw,h15,05_01,2.03,3488,1.74
ashk.pacbio.child.chr21.cov10,raw,h15,05_1,1.41,2772,2.36
ashk.pacbio.child.chr21.cov10,raw,h20,05_0001,40.79,29440,1.68
ashk.pacbio.child.chr21.cov10,raw,h20,05_001,16.40,14148,1.56
ashk.pacbio.child.chr21.cov10,raw,h20,05_01,5.57,6864,1.75
ashk.pacbio.child.chr21.cov10,raw,h20,05_1,5.80,7768,2.28
ashk.pacbio.child.chr21.cov10,raw,h25,05_0001,73.51,81188,1.68
ashk.pacbio.child.chr21.cov10,raw,h25,05_001,25.90,25704,1.56
ashk.pacbio.child.chr21.cov10,raw,h25,05_01,8.68,8400,1.76
ashk.pacbio.child.chr21.cov10,raw,h25,05_1,10.91,18052,2.28
ashk.pacbio.child.chr21.cov10,realigned,h15,05_0001,11.63,7688,0.67
ashk.pacbio.child.chr21.cov10,realigned,h15,05_001,5.71,5304,0.67
ashk.pacbio.child.chr21.cov10,realigned,h15,05_01,2.15,3192,0.67
ashk.pacbio.child.chr21.cov10,realigned,h15,05_1,0.68,2408,0.72
ashk.pacbio.child.chr21.cov10,realigned,h20,05_0001,43.11,29992,0.67
ashk.pacbio.child.chr21.cov10,realigned,h20,05_001,18.06,14832,0.67
ashk.pacbio.child.chr21.cov10,realigned,h20,05_01,5.08,5832,0.67
ashk.pacbio.child.chr21.cov10,realigned,h20,05_1,1.06,2876,0.68
ashk.pacbio.child.chr21.cov10,realigned,h25,05_0001,79.69,155036,0.67
ashk.pacbio.child.chr21.cov10,realigned,h25,05_001,30.47,62908,0.67
ashk.pacbio.child.chr21.cov10,realigned,h25,05_01,7.99,15504,0.67
ashk.pacbio.child.chr21.cov10,realigned,h25,05_1,1.21,2876,0.68
ashk.pacbio.child.chr21.cov15,raw,h15,05_0001,19.76,11100,0.76
ashk.pacbio.child.chr21.cov15,raw,h15,05_001,8.64,6344,0.77
ashk.pacbio.child.chr21.cov15,raw,h15,05_01,3.04,3732,0.83
ashk.pacbio.child.chr21.cov15,raw,h15,05_1,1.84,3708,1.04
ashk.pacbio.child.chr21.cov15,raw,h20,05_0001,181.61,77988,0.81
ashk.pacbio.child.chr21.cov15,raw,h20,05_001,68.23,35236,0.78
ashk.pacbio.child.chr21.cov15,raw,h20,05_01,18.79,19440,0.82
ashk.pacbio.child.chr21.cov15,raw,h20,05_1,20.69,20940,1.09
ashk.pacbio.child.chr21.cov15,raw,h25,05_0001,819.35,493184,0.80
ashk.pacbio.child.chr21.cov15,raw,h25,05_001,256.77,196856,0.84
ashk.pacbio.child.chr21.cov15,raw,h25,05_01,96.24,132080,0.87
ashk.pacbio.child.chr21.cov15,raw,h25,05_1,160.82,269864,0.96
ashk.pacbio.child.chr21.cov15,realigned,h15,05_0001,21.76,12048,0.53
ashk.pacbio.child.chr21.cov15,realigned,h15,05_001,10.01,7352,0.53
ashk.pacbio.child.chr21.cov15,realigned,h15,05_01,3.49,3964,0.53
ashk.pacbio.child.chr21.cov15,realigned,h15,05_1,0.92,2644,0.53
ashk.pacbio.child.chr21.cov15,realigned,h20,05_0001,194.12,83460,0.53
ashk.pacbio.child.chr21.cov15,realigned,h20,05_001,75.76,36948,0.53
ashk.pacbio.child.chr21.cov15,realigned,h20,05_01,18.82,11592,0.55
ashk.pacbio.child.chr21.cov15,realigned,h20,05_1,2.67,4096,0.56
ashk.pacbio.child.chr21.cov15,realigned,h25,05_0001,960.58,603072,0.54
ashk.pacbio.child.chr21.cov15,realigned,h25,05_001,319.21,224724,0.53
ashk.pacbio.child.chr21.cov15,realigned,h25,05_01,79.02,66124,0.55
ashk.pacbio.child.chr21.cov15,realigned,h25,05_1,12.13,91556,0.57
ashk.pacbio.child.chr21.cov20,raw,h15,05_0001,21.77,11608,0.72
ashk.pacbio.child.chr21.cov20,raw,h15,05_001,9.08,6544,0.75
ashk.pacbio.child.chr21.cov20,raw,h15,05_01,3.19,4200,0.76
ashk.pacbio.child.chr21.cov20,raw,h15,05_1,1.91,3708,0.83
ashk.pacbio.child.chr21.cov20,raw,h20,05_0001,273.20,121992,0.75
ashk.pacbio.child.chr21.cov20,raw,h20,05_001,104.41,52468,0.72
ashk.pacbio.child.chr21.cov20,raw,h20,05_01,30.58,31292,0.73
ashk.pacbio.child.chr21.cov20,raw,h20,05_1,26.59,25000,0.71
ashk.pacbio.child.chr21.cov20,raw,h25,05_0001,2002.60,984872,0.75
ashk.pacbio.child.chr21.cov20,raw,h25,05_001,559.73,317404,0.70
ashk.pacbio.child.chr21.cov20,raw,h25,05_01,203.03,137764,0.69
ashk.pacbio.child.chr21.cov20,raw,h25,05_1,461.94,311472,0.78
ashk.pacbio.child.chr21.cov20,realigned,h15,05_0001,24.66,12812,0.53
ashk.pacbio.child.chr21.cov20,realigned,h15,05_001,10.99,7640,0.53
ashk.pacbio.child.chr21.cov20,realigned,h15,05_01,3.80,4056,0.53
ashk.pacbio.child.chr21.cov20,realigned,h15,05_1,0.99,2664,0.51
ashk.pacbio.child.chr21.cov20,realigned,h20,05_0001,307.74,132276,0.53
ashk.pacbio.child.chr21.cov20,realigned,h20,05_001,117.85,57672,0.53
ashk.pacbio.child.chr21.cov20,realigned,h20,05_01,28.53,16544,0.53
ashk.pacbio.child.chr21.cov20,realigned,h20,05_1,3.20,3856,0.51
ashk.pacbio.child.chr21.cov25,raw,h15,05_0001,22.66,11540,0.79
ashk.pacbio.child.chr21.cov25,raw,h15,05_001,9.31,6544,0.70
ashk.pacbio.child.chr21.cov25,raw,h15,05_01,3.25,3692,0.76
ashk.pacbio.child.chr21.cov25,raw,h15,05_1,1.98,3220,0.84
ashk.pacbio.child.chr21.cov25,raw,h20,05_0001,303.98,116860,0.77
ashk.pacbio.child.chr21.cov25,raw,h20,05_001,113.19,49992,0.79
ashk.pacbio.child.chr21.cov25,raw,h20,05_01,32.73,21812,0.76
ashk.pacbio.child.chr21.cov25,raw,h20,05_1,27.96,21912,0.72
ashk.pacbio.child.chr21.cov25,realigned,h15,05_0001,25.94,13544,0.54
ashk.pacbio.child.chr21.cov25,realigned,h15,05_001,11.51,7896,0.54
ashk.pacbio.child.chr21.cov25,realigned,h15,05_01,3.77,4212,0.54
ashk.pacbio.child.chr21.cov25,realigned,h15,05_1,1.03,2648,0.55
ashk.pacbio.child.chr21.cov25,realigned,h20,05_0001,351.22,125600,0.54
ashk.pacbio.child.chr21.cov25,realigned,h20,05_001,131.85,53976,0.54
ashk.pacbio.child.chr21.cov25,realigned,h20,05_01,32.31,16300,0.54
ashk.pacbio.child.chr21.cov25,realigned,h20,05_1,3.23,3992,0.54
ashk.pacbio.child.chr21.cov30,raw,h15,05_0001,23.07,11892,0.66
ashk.pacbio.child.chr21.cov30,raw,h15,05_001,9.44,6596,0.68
ashk.pacbio.child.chr21.cov30,raw,h15,05_01,3.21,3744,0.70
ashk.pacbio.child.chr21.cov30,raw,h15,05_1,1.85,3136,0.70
ashk.pacbio.child.chr21.cov30,raw,h20,05_0001,321.53,137264,0.65
ashk.pacbio.child.chr21.cov30,raw,h20,05_001,120.93,57604,0.64
ashk.pacbio.child.chr21.cov30,raw,h20,05_01,33.93,23416,0.64
ashk.pacbio.child.chr21.cov30,raw,h20,05_1,26.38,23800,0.66
ashk.pacbio.child.chr21.cov30,realigned,h15,05_0001,26.11,13152,0.56
ashk.pacbio.child.chr21.cov30,realigned,h15,05_001,11.75,7676,0.56
ashk.pacbio.child.chr21.cov30,realigned,h15,05_01,3.93,4204,0.56
ashk.pacbio.child.chr21.cov30,realigned,h15,05_1,0.98,2572,0.55
ashk.pacbio.child.chr21.cov30,realigned,h20,05_0001,365.44,140588,0.55
ashk.pacbio.child.chr21.cov30,realigned,h20,05_001,137.37,59880,0.55
ashk.pacbio.child.chr21.cov30,realigned,h20,05_01,33.58,17348,0.55
ashk.pacbio.child.chr21.cov30,realigned,h20,05_1,3.14,4104,0.55
ashk.pacbio.child.chr21.cov40,raw,h15,05_0001,25.16,12568,0.71
ashk.pacbio.child.chr21.cov40,raw,h15,05_001,10.27,6888,0.74
ashk.pacbio.child.chr21.cov40,raw,h15,05_01,3.33,3804,0.74
ashk.pacbio.child.chr21.cov40,raw,h15,05_1,1.87,2936,0.78
ashk.pacbio.child.chr21.cov40,raw,h20,05_0001,358.99,137584,0.66
ashk.pacbio.child.chr21.cov40,raw,h20,05_001,131.67,57048,0.71
ashk.pacbio.child.chr21.cov40,raw,h20,05_01,35.44,17212,0.66
ashk.pacbio.child.chr21.cov40,raw,h20,05_1,23.41,25444,0.67
ashk.pacbio.child.chr21.cov40,realigned,h15,05_0001,28.25,13492,0.55
ashk.pacbio.child.chr21.cov40,realigned,h15,05_001,12.06,7672,0.55
ashk.pacbio.child.chr21.cov40,realigned,h15,05_01,3.96,4052,0.55
ashk.pacbio.child.chr21.cov40,realigned,h15,05_1,1.03,2576,0.55
ashk.pacbio.child.chr21.cov40,realigned,h20,05_0001,404.58,149680,0.55
ashk.pacbio.child.chr21.cov40,realigned,h20,05_001,152.69,63860,0.55
ashk.pacbio.child.chr21.cov40,realigned,h20,05_01,37.73,18480,0.55
ashk.pacbio.child.chr21.cov40,realigned,h20,05_1,3.03,3936,0.55
ashk.pacbio.child.chr21.cov50,raw,h15,05_0001,25.45,12448,0.72
ashk.pacbio.child.chr21.cov50,raw,h15,05_001,10.24,6668,0.73
ashk.pacbio.child.chr21.cov50,raw,h15,05_01,3.36,4168,0.72
ashk.pacbio.child.chr21.cov50,raw,h15,05_1,1.76,3188,0.77
ashk.pacbio.child.chr21.cov50,raw,h20,05_0001,360.07,131624,0.63
ashk.pacbio.child.chr21.cov50,raw,h20,05_001,131.37,54292,0.67
ashk.pacbio.child.chr21.cov50,raw,h20,05_01,35.59,17612,0.67
ashk.pacbio.child.chr21.cov50,raw,h20,05_1,21.68,22072,0.65
ashk.pacbio.child.chr21.cov50,realigned,h15,05_0001,28.96,14176,0.56
ashk.pacbio.child.chr21.cov50,realigned,h15,05_001,12.59,7860,0.56
ashk.pacbio.child.chr21.cov50,realigned,h15,05_01,4.02,4200,0.56
ashk.pacbio.child.chr21.cov50,realigned,h15,05_1,1.03,2656,0.55
ashk.pacbio.child.chr21.cov50,realigned,h20,05_0001,410.47,158220,0.56
ashk.pacbio.child.chr21.cov50,realigned,h20,05_001,154.37,66588,0.56
ashk.pacbio.child.chr21.cov50,realigned,h20,05_01,38.21,19408,0.56
ashk.pacbio.child.chr21.cov50,realigned,h20,05_1,2.87,4164,0.55
ashk.pacbio.child.chr21.cov5,raw,h15,05_0001,0.94,2780,3.68
ashk.pacbio.child.chr21.cov5,raw,h15,05_001,0.59,2328,3.63
ashk.pacbio.child.chr21.cov5,raw,h15,05_01,0.31,2212,4.23
ashk.pacbio.child.chr21.cov5,raw,h15,05_1,0.26,2120,4.86
ashk.pacbio.child.chr21.cov5,raw,h20,05_0001,0.92,3044,3.68
ashk.pacbio.child.chr21.cov5,raw,h20,05_001,0.63,2512,3.63
ashk.pacbio.child.chr21.cov5,raw,h20,05_01,0.32,2208,4.23
ashk.pacbio.child.chr21.cov5,raw,h20,05_1,0.24,2140,4.86
ashk.pacbio.child.chr21.cov5,raw,h25,05_0001,0.97,3044,3.68
ashk.pacbio.child.chr21.cov5,raw,h25,05_001,0.62,2508,3.63
ashk.pacbio.child.chr21.cov5,raw,h25,05_01,0.33,2208,4.23
ashk.pacbio.child.chr21.cov5,raw,h25,05_1,0.24,2136,4.86
ashk.pacbio.child.chr21.cov5,realigned,h15,05_0001,0.96,2536,0.71
ashk.pacbio.child.chr21.cov5,realigned,h15,05_001,0.61,2320,0.71
ashk.pacbio.child.chr21.cov5,realigned,h15,05_01,0.38,2128,0.71
ashk.pacbio.child.chr21.cov5,realigned,h15,05_1,0.16,2084,0.90
ashk.pacbio.child.chr21.cov5,realigned,h20,05_0001,1.06,2764,0.71
ashk.pacbio.child.chr21.cov5,realigned,h20,05_001,0.72,2320,0.71
ashk.pacbio.child.chr21.cov5,realigned,h20,05_01,0.33,2132,0.71
ashk.pacbio.child.chr21.cov5,realigned,h20,05_1,0.15,2036,0.90
ashk.pacbio.child.chr21.cov5,realigned,h25,05_0001,0.94,2768,0.71
ashk.pacbio.child.chr21.cov5,realigned,h25,05_001,0.62,2320,0.71
ashk.pacbio.child.chr21.cov5,realigned,h25,05_01,0.30,2132,0.71
ashk.pacbio.child.chr21.cov5,realigned,h25,05_1,0.18,2036,0.90
ashk.pacbio.child.chr21.cov60,raw,h15,05_0001,25.46,12664,0.70
ashk.pacbio.child.chr21.cov60,raw,h15,05_001,10.63,6980,0.66
ashk.pacbio.child.chr21.cov60,raw,h15,05_01,3.34,3740,0.66
ashk.pacbio.child.chr21.cov60,raw,h15,05_1,2.02,3996,0.71
ashk.pacbio.child.chr21.cov60,raw,h20,05_0001,362.04,135772,0.60
ashk.pacbio.child.chr21.cov60,raw,h20,05_001,132.08,55776,0.62
ashk.pacbio.child.chr21.cov60,raw,h20,05_01,36.31,17592,0.63
ashk.pacbio.child.chr21.cov60,raw,h20,05_1,28.81,33188,0.66
ashk.pacbio.child.chr21.cov60,realigned,h15,05_0001,28.67,14096,0.56
ashk.pacbio.child.chr21.cov60,realigned,h15,05_001,12.16,7864,0.56
ashk.pacbio.child.chr21.cov60,realigned,h15,05_01,4.00,4144,0.56
ashk.pacbio.child.chr21.cov60,realigned,h15,05_1,1.08,2576,0.55
ashk.pacbio.child.chr21.cov60,realigned,h20,05_0001,412.40,155892,0.56
ashk.pacbio.child.chr21.cov60,realigned,h20,05_001,155.01,65152,0.56
ashk.pacbio.child.chr21.cov60,realigned,h20,05_01,38.40,19124,0.56
ashk.pacbio.child.chr21.cov60,realigned,h20,05_1,2.86,4000,0.55
ashk.pacbio.child.chr21.covall,raw,h15,05_0001,24.17,12436,0.70
ashk.pacbio.child.chr21.covall,raw,h15,05_001,9.50,6840,0.66
ashk.pacbio.child.chr21.covall,raw,h15,05_01,3.13,3740,0.66
ashk.pacbio.child.chr21.covall,raw,h15,05_1,1.74,3992,0.71
ashk.pacbio.child.chr21.covall,raw,h20,05_0001,338.62,135772,0.60
ashk.pacbio.child.chr21.covall,raw,h20,05_001,125.69,55776,0.62
ashk.pacbio.child.chr21.covall,raw,h20,05_01,33.57,17788,0.63
ashk.pacbio.child.chr21.covall,raw,h20,05_1,26.53,33076,0.66
ashk.pacbio.child.chr21.covall,realigned,h15,05_0001,26.98,13916,0.56
ashk.pacbio.child.chr21.covall,realigned,h15,05_001,11.34,7860,0.56
ashk.pacbio.child.chr21.covall,realigned,h15,05_01,3.76,4144,0.56
ashk.pacbio.child.chr21.covall,realigned,h15,05_1,0.98,2576,0.55
ashk.pacbio.child.chr21.covall,realigned,h20,05_0001,395.89,156044,0.56
ashk.pacbio.child.chr21.covall,realigned,h20,05_001,146.22,65152,0.56
ashk.pacbio.child.chr21.covall,realigned,h20,05_01,36.03,19144,0.56
ashk.pacbio.child.chr21.covall,realigned,h20,05_1,2.68,3944,0.55
sim.pacbio.child.chr1.cov10,raw,h15,05_0001,37.33,6600,1.02
sim.pacbio.child.chr1.cov10,raw,h15,05_001,18.13,4432,1.04
sim.pacbio.child.chr1.cov10,raw,h15,05_01,7.12,3180,1.20
sim.pacbio.child.chr1.cov10,raw,h15,05_1,4.35,3024,1.71
sim.pacbio.child.chr1.cov10,raw,h20,05_0001,84.37,15336,1.01
sim.pacbio.child.chr1.cov10,raw,h20,05_001,36.21,8008,1.04
sim.pacbio.child.chr1.cov10,raw,h20,05_01,12.44,15832,1.19
sim.pacbio.child.chr1.cov10,raw,h20,05_1,8.30,7020,1.73
sim.pacbio.child.chr1.cov10,raw,h25,05_0001,107.07,68848,1.01
sim.pacbio.child.chr1.cov10,raw,h25,05_001,43.46,23036,1.04
sim.pacbio.child.chr1.cov10,raw,h25,05_01,16.18,28496,1.18
sim.pacbio.child.chr1.cov10,raw,h25,05_1,9.39,7472,1.73
sim.pacbio.child.chr1.cov10,realigned,h15,05_0001,40.89,6776,0.08
sim.pacbio.child.chr1.cov10,realigned,h15,05_001,21.41,4756,0.09
sim.pacbio.child.chr1.cov10,realigned,h15,05_01,7.77,3308,0.09
sim.pacbio.child.chr1.cov10,realigned,h15,05_1,2.73,2552,0.14
sim.pacbio.child.chr1.cov10,realigned,h20,05_0001,88.65,18052,0.08
sim.pacbio.child.chr1.cov10,realigned,h20,05_001,39.65,9440,0.09
sim.pacbio.child.chr1.cov10,realigned,h20,05_01,12.08,4692,0.09
sim.pacbio.child.chr1.cov10,realigned,h20,05_1,3.17,2772,0.14
sim.pacbio.child.chr1.cov15,raw,h15,05_0001,91.11,11368,0.47
sim.pacbio.child.chr1.cov15,raw,h15,05_001,39.32,7224,0.48
sim.pacbio.child.chr1.cov15,raw,h15,05_01,14.66,4528,0.61
sim.pacbio.child.chr1.cov15,raw,h15,05_1,8.06,3728,0.76
sim.pacbio.child.chr1.cov15,raw,h20,05_0001,610.30,69296,0.45
sim.pacbio.child.chr1.cov15,raw,h20,05_001,234.41,39188,0.46
sim.pacbio.child.chr1.cov15,raw,h20,05_01,63.99,18316,0.57
sim.pacbio.child.chr1.cov15,raw,h20,05_1,52.74,24032,0.76
sim.pacbio.child.chr1.cov15,raw,h25,05_0001,1745.32,291284,0.45
sim.pacbio.child.chr1.cov15,raw,h25,05_001,565.08,94428,0.45
sim.pacbio.child.chr1.cov15,raw,h25,05_01,186.53,67484,0.57
sim.pacbio.child.chr1.cov15,raw,h25,05_1,253.28,132352,0.75
sim.pacbio.child.chr1.cov15,realigned,h15,05_0001,101.74,11668,0.05
sim.pacbio.child.chr1.cov15,realigned,h15,05_001,46.00,7432,0.05
sim.pacbio.child.chr1.cov15,realigned,h15,05_01,16.58,4256,0.05
sim.pacbio.child.chr1.cov15,realigned,h15,05_1,4.65,2964,0.07
sim.pacbio.child.chr1.cov15,realigned,h20,05_0001,641.04,76456,0.05
sim.pacbio.child.chr1.cov15,realigned,h20,05_001,251.19,35012,0.05
sim.pacbio.child.chr1.cov15,realigned,h20,05_01,62.00,11356,0.05
sim.pacbio.child.chr1.cov15,realigned,h20,05_1,9.26,3912,0.07
sim.pacbio.child.chr1.cov20,raw,h15,05_0001,111.72,14296,0.40
sim.pacbio.child.chr1.cov20,raw,h15,05_001,48.67,8064,0.36
sim.pacbio.child.chr1.cov20,raw,h15,05_01,16.26,4556,0.41
sim.pacbio.child.chr1.cov20,raw,h15,05_1,9.64,3632,0.50
sim.pacbio.child.chr1.cov20,raw,h20,05_0001,1232.75,118360,0.33
sim.pacbio.child.chr1.cov20,raw,h20,05_001,466.00,51052,0.34
sim.pacbio.child.chr1.cov20,raw,h20,05_01,127.43,22632,0.35
sim.pacbio.child.chr1.cov20,raw,h20,05_1,103.17,25720,0.43
sim.pacbio.child.chr1.cov20,raw,h25,05_0001,6673.73,742072,0.33
sim.pacbio.child.chr1.cov20,raw,h25,05_001,1895.21,243664,0.35
sim.pacbio.child.chr1.cov20,raw,h25,05_01,707.34,471168,0.34
sim.pacbio.child.chr1.cov20,raw,h25,05_1,1224.96,375256,0.41
sim.pacbio.child.chr1.cov20,realigned,h15,05_0001,127.36,15184,0.05
sim.pacbio.child.chr1.cov20,realigned,h15,05_001,55.50,8744,0.05
sim.pacbio.child.chr1.cov20,realigned,h15,05_01,18.70,4784,0.05
sim.pacbio.child.chr1.cov20,realigned,h15,05_1,5.01,3076,0.06
sim.pacbio.child.chr1.cov20,realigned,h20,05_0001,1351.38,134956,0.05
sim.pacbio.child.chr1.cov20,realigned,h20,05_001,520.80,59304,0.05
sim.pacbio.child.chr1.cov20,realigned,h20,05_01,122.75,18792,0.05
sim.pacbio.child.chr1.cov20,realigned,h20,05_1,13.56,5112,0.05
sim.pacbio.child.chr1.cov25,raw,h15,05_0001,117.50,14584,0.31
sim.pacbio.child.chr1.cov25,raw,h15,05_001,48.22,8160,0.32
sim.pacbio.child.chr1.cov25,raw,h15,05_01,16.84,5036,0.40
sim.pacbio.child.chr1.cov25,raw,h15,05_1,9.02,3564,0.46
sim.pacbio.child.chr1.cov25,raw,h20,05_0001,1527.88,147904,0.27
sim.pacbio.child.chr1.cov25,raw,h20,05_001,572.37,62600,0.30
sim.pacbio.child.chr1.cov25,raw,h20,05_01,157.19,29148,0.32
sim.pacbio.child.chr1.cov25,raw,h20,05_1,131.02,26232,0.37
sim.pacbio.child.chr1.cov25,realigned,h15,05_0001,132.60,16424,0.04
sim.pacbio.child.chr1.cov25,realigned,h15,05_001,56.94,9296,0.04
sim.pacbio.child.chr1.cov25,realigned,h15,05_01,19.59,4804,0.04
sim.pacbio.child.chr1.cov25,realigned,h15,05_1,5.08,3192,0.04
sim.pacbio.child.chr1.cov25,realigned,h20,05_0001,1708.57,161948,0.04
sim.pacbio.child.chr1.cov25,realigned,h20,05_001,648.67,69740,0.04
sim.pacbio.child.chr1.cov25,realigned,h20,05_01,154.25,20516,0.04
sim.pacbio.child.chr1.cov25,realigned,h20,05_1,14.40,7104,0.05
sim.pacbio.child.chr1.cov30,raw,h15,05_0001,117.38,14580,0.31
sim.pacbio.child.chr1.cov30,raw,h15,05_001,48.18,8160,0.32
sim.pacbio.child.chr1.cov30,raw,h15,05_01,16.52,5032,0.40
sim.pacbio.child.chr1.cov30,raw,h15,05_1,9.05,3564,0.46
sim.pacbio.child.chr1.cov30,raw,h20,05_0001,1541.11,147960,0.27
sim.pacbio.child.chr1.cov30,raw,h20,05_001,571.34,62848,0.30
sim.pacbio.child.chr1.cov30,raw,h20,05_01,159.36,29480,0.32
sim.pacbio.child.chr1.cov30,raw,h20,05_1,127.52,26228,0.37
sim.pacbio.child.chr1.cov30,realigned,h15,05_0001,131.40,16420,0.04
sim.pacbio.child.chr1.cov30,realigned,h15,05_001,56.71,9296,0.04
sim.pacbio.child.chr1.cov30,realigned,h15,05_01,19.20,4800,0.04
sim.pacbio.child.chr1.cov30,realigned,h15,05_1,5.06,3188,0.04
sim.pacbio.child.chr1.cov30,realigned,h20,05_0001,1706.64,161952,0.04
sim.pacbio.child.chr1.cov30,realigned,h20,05_001,649.24,69740,0.04
sim.pacbio.child.chr1.cov30,realigned,h20,05_01,155.08,20520,0.04
sim.pacbio.child.chr1.cov30,realigned,h20,05_1,15.13,6888,0.05
sim.pacbio.child.chr1.cov40,raw,h15,05_0001,132.23,24176,0.35
sim.pacbio.child.chr1.cov40,raw,h15,05_001,53.16,12676,0.37
sim.pacbio.child.chr1.cov40,raw,h15,05_01,17.76,6480,0.39
sim.pacbio.child.chr1.cov40,raw,h15,05_1,10.43,4228,0.48
sim.pacbio.child.chr1.cov40,raw,h20,05_0001,1860.68,256392,0.34
sim.pacbio.child.chr1.cov40,raw,h20,05_001,680.27,106280,0.35
sim.pacbio.child.chr1.cov40,raw,h20,05_01,190.08,34020,0.38
sim.pacbio.child.chr1.cov40,raw,h20,05_1,141.71,34188,0.43
sim.pacbio.child.chr1.cov40,realigned,h15,05_0001,145.45,27056,0.21
sim.pacbio.child.chr1.cov40,realigned,h15,05_001,61.30,14404,0.22
sim.pacbio.child.chr1.cov40,realigned,h15,05_01,20.16,7016,0.21
sim.pacbio.child.chr1.cov40,realigned,h15,05_1,5.44,3856,0.21
sim.pacbio.child.chr1.cov40,realigned,h20,05_0001,2080.67,294204,0.21
sim.pacbio.child.chr1.cov40,realigned,h20,05_001,779.89,124816,0.21
sim.pacbio.child.chr1.cov40,realigned,h20,05_01,190.14,34700,0.21
sim.pacbio.child.chr1.cov40,realigned,h20,05_1,14.58,6788,0.21
sim.pacbio.child.chr1.cov50,raw,h15,05_0001,133.03,24708,0.34
sim.pacbio.child.chr1.cov50,raw,h15,05_001,53.27,12924,0.34
sim.pacbio.child.chr1.cov50,raw,h15,05_01,17.66,6604,0.36
sim.pacbio.child.chr1.cov50,raw,h15,05_1,10.25,4652,0.46
sim.pacbio.child.chr1.cov50,raw,h20,05_0001,1881.71,271932,0.32
sim.pacbio.child.chr1.cov50,raw,h20,05_001,685.83,112420,0.32
sim.pacbio.child.chr1.cov50,raw,h20,05_01,189.22,33672,0.33
sim.pacbio.child.chr1.cov50,raw,h20,05_1,144.59,49108,0.41
sim.pacbio.child.chr1.cov50,realigned,h15,05_0001,146.95,27188,0.21
sim.pacbio.child.chr1.cov50,realigned,h15,05_001,61.52,14412,0.21
sim.pacbio.child.chr1.cov50,realigned,h15,05_01,20.74,7020,0.21
sim.pacbio.child.chr1.cov50,realigned,h15,05_1,5.43,3856,0.21
sim.pacbio.child.chr1.cov50,realigned,h20,05_0001,2122.91,315864,0.21
sim.pacbio.child.chr1.cov50,realigned,h20,05_001,793.28,132704,0.21
sim.pacbio.child.chr1.cov50,realigned,h20,05_01,195.21,37076,0.21
sim.pacbio.child.chr1.cov50,realigned,h20,05_1,14.50,6796,0.21
sim.pacbio.child.chr1.cov5,raw,h15,05_0001,2.99,3260,3.50
sim.pacbio.child.chr1.cov5,raw,h15,05_001,2.05,2472,3.48
sim.pacbio.child.chr1.cov5,raw,h15,05_01,1.24,2340,3.59
sim.pacbio.child.chr1.cov5,raw,h15,05_1,0.91,2348,4.67
sim.pacbio.child.chr1.cov5,raw,h20,05_0001,3.21,6824,3.50
sim.pacbio.child.chr1.cov5,raw,h20,05_001,2.15,3796,3.48
sim.pacbio.child.chr1.cov5,raw,h20,05_01,1.32,4312,3.59
sim.pacbio.child.chr1.cov5,raw,h20,05_1,1.29,6204,4.66
sim.pacbio.child.chr1.cov5,raw,h25,05_0001,3.53,6820,3.50
sim.pacbio.child.chr1.cov5,raw,h25,05_001,2.18,3796,3.48
sim.pacbio.child.chr1.cov5,raw,h25,05_01,1.32,4312,3.59
sim.pacbio.child.chr1.cov5,raw,h25,05_1,1.45,6204,4.66
sim.pacbio.child.chr1.cov5,realigned,h15,05_0001,3.06,2988,0.46
sim.pacbio.child.chr1.cov5,realigned,h15,05_001,2.38,2464,0.46
sim.pacbio.child.chr1.cov5,realigned,h15,05_01,1.38,2292,0.46
sim.pacbio.child.chr1.cov5,realigned,h15,05_1,0.71,2280,0.71
sim.pacbio.child.chr1.cov5,realigned,h20,05_0001,3.52,7256,0.46
sim.pacbio.child.chr1.cov5,realigned,h20,05_001,2.27,4292,0.46
sim.pacbio.child.chr1.cov5,realigned,h20,05_01,1.24,2400,0.46
sim.pacbio.child.chr1.cov5,realigned,h20,05_1,0.74,2284,0.71
sim.pacbio.child.chr1.cov60,raw,h15,05_0001,133.06,24708,0.34
sim.pacbio.child.chr1.cov60,raw,h15,05_001,53.31,12920,0.34
sim.pacbio.child.chr1.cov60,raw,h15,05_01,17.70,6604,0.36
sim.pacbio.child.chr1.cov60,raw,h15,05_1,10.31,4636,0.46
sim.pacbio.child.chr1.cov60,raw,h20,05_0001,1881.62,271936,0.32
sim.pacbio.child.chr1.cov60,raw,h20,05_001,685.95,112420,0.32
sim.pacbio.child.chr1.cov60,raw,h20,05_01,189.03,33836,0.33
sim.pacbio.child.chr1.cov60,raw,h20,05_1,144.71,48884,0.41
sim.pacbio.child.chr1.cov60,realigned,h15,05_0001,146.91,27164,0.21
sim.pacbio.child.chr1.cov60,realigned,h15,05_001,61.52,14408,0.21
sim.pacbio.child.chr1.cov60,realigned,h15,05_01,20.01,7020,0.21
sim.pacbio.child.chr1.cov60,realigned,h15,05_1,5.37,3856,0.21
sim.pacbio.child.chr1.cov60,realigned,h20,05_0001,2121.51,315860,0.21
sim.pacbio.child.chr1.cov60,realigned,h20,05_001,792.20,132648,0.21
sim.pacbio.child.chr1.cov60,realigned,h20,05_01,195.15,37080,0.21
sim.pacbio.child.chr1.cov60,realigned,h20,05_1,14.53,6752,0.21
sim.pacbio.child.chr1.covall,raw,h15,05_0001,118.31,14580,0.31
sim.pacbio.child.chr1.covall,raw,h15,05_001,48.26,8160,0.32
sim.pacbio.child.chr1.covall,raw,h15,05_01,16.44,5036,0.40
sim.pacbio.child.chr1.covall,raw,h15,05_1,9.09,3564,0.46
sim.pacbio.child.chr1.covall,raw,h20,05_0001,1531.89,147944,0.27
sim.pacbio.child.chr1.covall,raw,h20,05_001,574.48,62852,0.30
sim.pacbio.child.chr1.covall,raw,h20,05_01,159.25,29016,0.32
sim.pacbio.child.chr1.covall,raw,h20,05_1,129.34,26228,0.37
sim.pacbio.child.chr1.covall,realigned,h15,05_0001,131.44,16428,0.04
sim.pacbio.child.chr1.covall,realigned,h15,05_001,56.49,9296,0.04
sim.pacbio.child.chr1.covall,realigned,h15,05_01,18.96,4804,0.04
sim.pacbio.child.chr1.covall,realigned,h15,05_1,5.25,3192,0.04
sim.pacbio.child.chr1.covall,realigned,h20,05_0001,1713.95,161840,0.04
sim.pacbio.child.chr1.covall,realigned,h20,05_001,650.10,69736,0.04
sim.pacbio.child.chr1.covall,realigned,h20,05_01,155.61,20520,0.04
sim.pacbio.child.chr1.covall,realigned,h20,05_1,14.58,7108,0.05
sim.pacbio.child.chr21.cov10,raw,h15,05_0001,13.82,8976,0.50
sim.pacbio.child.chr21.cov10,raw,h15,05_001,6.30,5516,0.59
sim.pacbio.child.chr21.cov10,raw,h15,05_01,2.42,3624,0.66
sim.pacbio.child.chr21.cov10,raw,h15,05_1,1.59,3908,0.87
sim.pacbio.child.chr21.cov10,raw,h20,05_0001,57.21,46256,0.47
sim.pacbio.child.chr21.cov10,raw,h20,05_001,22.34,20668,0.53
sim.pacbio.child.chr21.cov10,raw,h20,05_01,7.86,12940,0.61
sim.pacbio.child.chr21.cov10,raw,h20,05_1,8.10,15964,0.87
sim.pacbio.child.chr21.cov10,raw,h25,05_0001,122.11,125276,0.47
sim.pacbio.child.chr21.cov10,raw,h25,05_001,43.38,41332,0.53
sim.pacbio.child.chr21.cov10,raw,h25,05_01,16.91,63148,0.59
sim.pacbio.child.chr21.cov10,raw,h25,05_1,29.38,138376,0.87
sim.pacbio.child.chr21.cov10,realigned,h15,05_0001,14.62,9132,0.04
sim.pacbio.child.chr21.cov10,realigned,h15,05_001,7.32,5700,0.04
sim.pacbio.child.chr21.cov10,realigned,h15,05_01,2.75,3496,0.04
sim.pacbio.child.chr21.cov10,realigned,h15,05_1,0.79,2352,0.05
sim.pacbio.child.chr21.cov10,realigned,h20,05_0001,60.42,47208,0.04
sim.pacbio.child.chr21.cov10,realigned,h20,05_001,24.47,21556,0.04
sim.pacbio.child.chr21.cov10,realigned,h20,05_01,6.49,7876,0.04
sim.pacbio.child.chr21.cov10,realigned,h20,05_1,1.23,2896,0.05
sim.pacbio.child.chr21.cov10,realigned,h25,05_0001,139.47,207560,0.04
sim.pacbio.child.chr21.cov10,realigned,h25,05_001,50.36,79464,0.04
sim.pacbio.child.chr21.cov10,realigned,h25,05_01,12.80,21216,0.04
sim.pacbio.child.chr21.cov10,realigned,h25,05_1,1.73,3756,0.05
sim.pacbio.child.chr21.cov15,raw,h15,05_0001,22.37,10952,0.18
sim.pacbio.child.chr21.cov15,raw,h15,05_001,9.45,6416,0.20
sim.pacbio.child.chr21.cov15,raw,h15,05_01,3.29,3860,0.27
sim.pacbio.child.chr21.cov15,raw,h15,05_1,2.38,4252,0.57
sim.pacbio.child.chr21.cov15,raw,h20,05_0001,219.32,85164,0.15
sim.pacbio.child.chr21.cov15,raw,h20,05_001,83.93,36876,0.16
sim.pacbio.child.chr21.cov15,raw,h20,05_01,26.32,21884,0.29
sim.pacbio.child.chr21.cov15,raw,h20,05_1,25.73,26480,0.32
sim.pacbio.child.chr21.cov15,raw,h25,05_0001,1105.84,485864,0.12
sim.pacbio.child.chr21.cov15,raw,h25,05_001,340.95,231384,0.15
sim.pacbio.child.chr21.cov15,raw,h25,05_01,132.53,270268,0.29
sim.pacbio.child.chr21.cov15,raw,h25,05_1,215.36,181432,0.30
sim.pacbio.child.chr21.cov15,realigned,h15,05_0001,23.53,11508,0.00
sim.pacbio.child.chr21.cov15,realigned,h15,05_001,10.94,6968,0.00
sim.pacbio.child.chr21.cov15,realigned,h15,05_01,3.64,3924,0.00
sim.pacbio.child.chr21.cov15,realigned,h15,05_1,0.96,2400,0.00
sim.pacbio.child.chr21.cov15,realigned,h20,05_0001,241.58,99956,0.00
sim.pacbio.child.chr21.cov15,realigned,h20,05_001,93.44,44020,0.00
sim.pacbio.child.chr21.cov15,realigned,h20,05_01,22.00,12736,0.00
sim.pacbio.child.chr21.cov15,realigned,h20,05_1,2.69,3832,0.00
sim.pacbio.child.chr21.cov15,realigned,h25,05_0001,1277.84,678988,0.00
sim.pacbio.child.chr21.cov15,realigned,h25,05_001,408.57,250564,0.00
sim.pacbio.child.chr21.cov15,realigned,h25,05_01,98.61,64472,0.00
sim.pacbio.child.chr21.cov15,realigned,h25,05_1,7.77,7260,0.00
sim.pacbio.child.chr21.cov20,raw,h15,05_0001,23.52,12304,0.13
sim.pacbio.child.chr21.cov20,raw,h15,05_001,9.61,6824,0.14
sim.pacbio.child.chr21.cov20,raw,h15,05_01,3.60,3948,0.19
sim.pacbio.child.chr21.cov20,raw,h15,05_1,2.33,3956,0.37
sim.pacbio.child.chr21.cov20,raw,h20,05_0001,297.74,119064,0.12
sim.pacbio.child.chr21.cov20,raw,h20,05_001,114.15,50720,0.14
sim.pacbio.child.chr21.cov20,raw,h20,05_01,33.59,24300,0.16
sim.pacbio.child.chr21.cov20,raw,h20,05_1,33.26,32460,0.29
sim.pacbio.child.chr21.cov20,raw,h25,05_0001,2350.30,949664,0.12
sim.pacbio.child.chr21.cov20,raw,h25,05_001,654.10,557488,0.13
sim.pacbio.child.chr21.cov20,raw,h25,05_01,241.43,142460,0.20
sim.pacbio.child.chr21.cov20,raw,h25,05_1,472.24,520680,0.24
sim.pacbio.child.chr21.cov20,realigned,h15,05_0001,25.73,12436,0.02
sim.pacbio.child.chr21.cov20,realigned,h15,05_001,11.10,7300,0.02
sim.pacbio.child.chr21.cov20,realigned,h15,05_01,3.74,3968,0.02
sim.pacbio.child.chr21.cov20,realigned,h15,05_1,1.03,2572,0.02
sim.pacbio.child.chr21.cov20,realigned,h20,05_0001,330.69,119456,0.02
sim.pacbio.child.chr21.cov20,realigned,h20,05_001,126.19,51440,0.02
sim.pacbio.child.chr21.cov20,realigned,h20,05_01,30.20,14860,0.02
sim.pacbio.child.chr21.cov20,realigned,h20,05_1,3.04,5396,0.02
sim.pacbio.child.chr21.cov25,raw,h15,05_0001,22.89,12180,0.13
sim.pacbio.child.chr21.cov25,raw,h15,05_001,9.51,6836,0.15
sim.pacbio.child.chr21.cov25,raw,h15,05_01,3.49,4480,0.21
sim.pacbio.child.chr21.cov25,raw,h15,05_1,2.28,3952,0.37
sim.pacbio.child.chr21.cov25,raw,h20,05_0001,306.91,117412,0.13
sim.pacbio.child.chr21.cov25,raw,h20,05_001,112.34,49884,0.17
sim.pacbio.child.chr21.cov25,raw,h20,05_01,33.89,26136,0.17
sim.pacbio.child.chr21.cov25,raw,h20,05_1,33.72,32468,0.29
sim.pacbio.child.chr21.cov25,realigned,h15,05_0001,25.51,12156,0.03
sim.pacbio.child.chr21.cov25,realigned,h15,05_001,11.15,7244,0.03
sim.pacbio.child.chr21.cov25,realigned,h15,05_01,3.99,4000,0.03
sim.pacbio.child.chr21.cov25,realigned,h15,05_1,1.04,2564,0.02
sim.pacbio.child.chr21.cov25,realigned,h20,05_0001,333.98,122276,0.02
sim.pacbio.child.chr21.cov25,realigned,h20,05_001,128.29,52632,0.02
sim.pacbio.child.chr21.cov25,realigned,h20,05_01,30.09,15960,0.02
sim.pacbio.child.chr21.cov25,realigned,h20,05_1,3.38,6048,0.02
sim.pacbio.child.chr21.cov30,raw,h15,05_0001,22.90,12180,0.13
sim.pacbio.child.chr21.cov30,raw,h15,05_001,9.51,6840,0.15
sim.pacbio.child.chr21.cov30,raw,h15,05_01,3.45,4476,0.21
sim.pacbio.child.chr21.cov30,raw,h15,05_1,2.35,3928,0.37
sim.pacbio.child.chr21.cov30,raw,h20,05_0001,300.71,117484,0.13
sim.pacbio.child.chr21.cov30,raw,h20,05_001,112.40,49888,0.17
sim.pacbio.child.chr21.cov30,raw,h20,05_01,34.88,26144,0.17
sim.pacbio.child.chr21.cov30,raw,h20,05_1,35.12,32468,0.29
sim.pacbio.child.chr21.cov30,realigned,h15,05_0001,25.63,12416,0.03
sim.pacbio.child.chr21.cov30,realigned,h15,05_001,11.67,7124,0.03
sim.pacbio.child.chr21.cov30,realigned,h15,05_01,3.75,4004,0.03
sim.pacbio.child.chr21.cov30,realigned,h15,05_1,1.01,2564,0.02
sim.pacbio.child.chr21.cov30,realigned,h20,05_0001,336.35,122444,0.02
sim.pacbio.child.chr21.cov30,realigned,h20,05_001,128.51,52636,0.02
sim.pacbio.child.chr21.cov30,realigned,h20,05_01,30.59,15960,0.02
sim.pacbio.child.chr21.cov30,realigned,h20,05_1,3.31,6044,0.02
sim.pacbio.child.chr21.cov40,raw,h15,05_0001,25.47,16172,0.45
sim.pacbio.child.chr21.cov40,raw,h15,05_001,10.29,8448,0.50
sim.pacbio.child.chr21.cov40,raw,h15,05_01,3.53,4624,0.53
sim.pacbio.child.chr21.cov40,raw,h15,05_1,2.21,4164,0.64
sim.pacbio.child.chr21.cov40,raw,h20,05_0001,363.79,178384,0.45
sim.pacbio.child.chr21.cov40,raw,h20,05_001,133.79,73780,0.45
sim.pacbio.child.chr21.cov40,raw,h20,05_01,36.82,26536,0.45
sim.pacbio.child.chr21.cov40,raw,h20,05_1,23.32,27640,0.53
sim.pacbio.child.chr21.cov40,realigned,h15,05_0001,29.04,16472,0.42
sim.pacbio.child.chr21.cov40,realigned,h15,05_001,12.25,9220,0.42
sim.pacbio.child.chr21.cov40,realigned,h15,05_01,4.03,4580,0.42
sim.pacbio.child.chr21.cov40,realigned,h15,05_1,1.06,2660,0.42
sim.pacbio.child.chr21.cov40,realigned,h20,05_0001,414.33,189984,0.42
sim.pacbio.child.chr21.cov40,realigned,h20,05_001,155.65,80520,0.42
sim.pacbio.child.chr21.cov40,realigned,h20,05_01,39.03,22508,0.42
sim.pacbio.child.chr21.cov40,realigned,h20,05_1,3.18,5748,0.42
sim.pacbio.child.chr21.cov50,raw,h15,05_0001,25.46,16100,0.44
sim.pacbio.child.chr21.cov50,raw,h15,05_001,10.28,8708,0.49
sim.pacbio.child.chr21.cov50,raw,h15,05_01,3.44,4624,0.53
sim.pacbio.child.chr21.cov50,raw,h15,05_1,2.41,4484,0.67
sim.pacbio.child.chr21.cov50,raw,h20,05_0001,363.21,180212,0.44
sim.pacbio.child.chr21.cov50,raw,h20,05_001,133.55,74600,0.44
sim.pacbio.child.chr21.cov50,raw,h20,05_01,38.72,37892,0.44
sim.pacbio.child.chr21.cov50,raw,h20,05_1,27.63,27544,0.52
sim.pacbio.child.chr21.cov50,realigned,h15,05_0001,29.38,16696,0.42
sim.pacbio.child.chr21.cov50,realigned,h15,05_001,12.81,9228,0.44
sim.pacbio.child.chr21.cov50,realigned,h15,05_01,4.06,4844,0.42
sim.pacbio.child.chr21.cov50,realigned,h15,05_1,1.09,2896,0.44
sim.pacbio.child.chr21.cov50,realigned,h20,05_0001,415.81,184620,0.42
sim.pacbio.child.chr21.cov50,realigned,h20,05_001,156.79,78628,0.42
sim.pacbio.child.chr21.cov50,realigned,h20,05_01,37.88,21700,0.42
sim.pacbio.child.chr21.cov50,realigned,h20,05_1,3.27,6860,0.42
sim.pacbio.child.chr21.cov5,raw,h15,05_0001,1.45,3432,1.98
sim.pacbio.child.chr21.cov5,raw,h15,05_001,0.92,2780,2.00
sim.pacbio.child.chr21.cov5,raw,h15,05_01,0.43,2252,2.37
sim.pacbio.child.chr21.cov5,raw,h15,05_1,0.34,2344,3.38
sim.pacbio.child.chr21.cov5,raw,h20,05_0001,1.70,3576,1.98
sim.pacbio.child.chr21.cov5,raw,h20,05_001,0.83,2784,2.00
sim.pacbio.child.chr21.cov5,raw,h20,05_01,0.39,2256,2.37
sim.pacbio.child.chr21.cov5,raw,h20,05_1,0.27,2172,3.36
sim.pacbio.child.chr21.cov5,raw,h25,05_0001,1.48,3576,1.98
sim.pacbio.child.chr21.cov5,raw,h25,05_001,0.87,2784,2.00
sim.pacbio.child.chr21.cov5,raw,h25,05_01,0.42,2252,2.37
sim.pacbio.child.chr21.cov5,raw,h25,05_1,0.28,2176,3.36
sim.pacbio.child.chr21.cov5,realigned,h15,05_0001,1.36,3312,0.13
sim.pacbio.child.chr21.cov5,realigned,h15,05_001,0.88,2780,0.13
sim.pacbio.child.chr21.cov5,realigned,h15,05_01,0.44,2260,0.17
sim.pacbio.child.chr21.cov5,realigned,h15,05_1,0.17,2104,0.30
sim.pacbio.child.chr21.cov5,realigned,h20,05_0001,1.47,3572,0.13
sim.pacbio.child.chr21.cov5,realigned,h20,05_001,0.96,2780,0.13
sim.pacbio.child.chr21.cov5,realigned,h20,05_01,0.44,2252,0.17
sim.pacbio.child.chr21.cov5,realigned,h20,05_1,0.20,2076,0.30
sim.pacbio.child.chr21.cov5,realigned,h25,05_0001,1.48,3576,0.13
sim.pacbio.child.chr21.cov5,realigned,h25,05_001,0.94,2788,0.13
sim.pacbio.child.chr21.cov5,realigned,h25,05_01,0.42,2256,0.17
sim.pacbio.child.chr21.cov5,realigned,h25,05_1,0.21,2072,0.30
sim.pacbio.child.chr21.cov60,raw,h15,05_0001,25.47,16100,0.44
sim.pacbio.child.chr21.cov60,raw,h15,05_001,10.27,8704,0.49
sim.pacbio.child.chr21.cov60,raw,h15,05_01,3.48,4624,0.53
sim.pacbio.child.chr21.cov60,raw,h15,05_1,2.42,4488,0.67
sim.pacbio.child.chr21.cov60,raw,h20,05_0001,363.53,180280,0.44
sim.pacbio.child.chr21.cov60,raw,h20,05_001,133.53,74600,0.44
sim.pacbio.child.chr21.cov60,raw,h20,05_01,38.80,37892,0.44
sim.pacbio.child.chr21.cov60,raw,h20,05_1,27.62,27544,0.52
sim.pacbio.child.chr21.cov60,realigned,h15,05_0001,29.00,16700,0.42
sim.pacbio.child.chr21.cov60,realigned,h15,05_001,12.31,9228,0.44
sim.pacbio.child.chr21.cov60,realigned,h15,05_01,4.07,4848,0.42
sim.pacbio.child.chr21.cov60,realigned,h15,05_1,1.08,2900,0.44
sim.pacbio.child.chr21.cov60,realigned,h20,05_0001,416.27,184544,0.42
sim.pacbio.child.chr21.cov60,realigned,h20,05_001,157.38,78596,0.42
sim.pacbio.child.chr21.cov60,realigned,h20,05_01,37.88,21700,0.42
sim.pacbio.child.chr21.cov60,realigned,h20,05_1,3.26,6860,0.42
sim.pacbio.child.chr21.covall,raw,h15,05_0001,23.51,12180,0.13
sim.pacbio.child.chr21.covall,raw,h15,05_001,9.52,6836,0.15
sim.pacbio.child.chr21.covall,raw,h15,05_01,3.43,4480,0.21
sim.pacbio.child.chr21.covall,raw,h15,05_1,2.28,3952,0.37
sim.pacbio.child.chr21.covall,raw,h20,05_0001,300.82,117408,0.13
sim.pacbio.child.chr21.covall,raw,h20,05_001,115.83,49888,0.17
sim.pacbio.child.chr21.covall,raw,h20,05_01,38.57,26368,0.17
sim.pacbio.child.chr21.covall,raw,h20,05_1,33.77,32472,0.29
sim.pacbio.child.chr21.covall,realigned,h15,05_0001,25.48,12416,0.03
sim.pacbio.child.chr21.covall,realigned,h15,05_001,11.13,7240,0.03
sim.pacbio.child.chr21.covall,realigned,h15,05_01,3.75,4004,0.03
sim.pacbio.child.chr21.covall,realigned,h15,05_1,1.02,2564,0.02
sim.pacbio.child.chr21.covall,realigned,h20,05_0001,334.28,122276,0.02
sim.pacbio.child.chr21.covall,realigned,h20,05_001,128.19,52632,0.02
sim.pacbio.child.chr21.covall,realigned,h20,05_01,30.42,15960,0.02
sim.pacbio.child.chr21.covall,realigned,h20,05_1,3.26,6044,0.02
