#dataset,raw/realigned,whatshap_downsampling,merging,random_downsampling,time(sec),mem(kB)
ashk.pacbio.child.chr1.cov10,raw,hN,merged_e15_m25_t6_n3,sample_s1_m15,4.30,77708
ashk.pacbio.child.chr1.cov10,raw,hN,merged_e15_m25_t6_n3,sample_s1_m20,4.38,77736
ashk.pacbio.child.chr1.cov10,raw,hN,merged_e15_m25_t6_n3,sample_s1_m25,4.32,77732
ashk.pacbio.child.chr1.cov10,raw,hN,merged_e15_m25_t6_n3,sample_s1_m30,4.28,77744
ashk.pacbio.child.chr1.cov10,raw,hN,none,sample_s1_m15,5.09,84100
ashk.pacbio.child.chr1.cov10,raw,hN,none,sample_s1_m20,5.03,84360
ashk.pacbio.child.chr1.cov10,raw,hN,none,sample_s1_m25,5.13,84348
ashk.pacbio.child.chr1.cov10,raw,hN,none,sample_s1_m30,5.06,84348
ashk.pacbio.child.chr1.cov10,realigned,hN,merged_e15_m25_t6_n3,sample_s1_m15,4.00,75608
ashk.pacbio.child.chr1.cov10,realigned,hN,merged_e15_m25_t6_n3,sample_s1_m20,4.04,75612
ashk.pacbio.child.chr1.cov10,realigned,hN,merged_e15_m25_t6_n3,sample_s1_m25,4.02,75656
ashk.pacbio.child.chr1.cov10,realigned,hN,merged_e15_m25_t6_n3,sample_s1_m30,4.02,75588
ashk.pacbio.child.chr1.cov10,realigned,hN,none,sample_s1_m15,4.85,82516
ashk.pacbio.child.chr1.cov10,realigned,hN,none,sample_s1_m20,4.83,82580
ashk.pacbio.child.chr1.cov10,realigned,hN,none,sample_s1_m25,4.86,82524
ashk.pacbio.child.chr1.cov10,realigned,hN,none,sample_s1_m30,4.90,82536
ashk.pacbio.child.chr1.cov15,raw,hN,merged_e15_m25_t6_n3,sample_s1_m15,6.60,99752
ashk.pacbio.child.chr1.cov15,raw,hN,merged_e15_m25_t6_n3,sample_s1_m20,6.24,99748
ashk.pacbio.child.chr1.cov15,raw,hN,merged_e15_m25_t6_n3,sample_s1_m25,6.30,99752
ashk.pacbio.child.chr1.cov15,raw,hN,merged_e15_m25_t6_n3,sample_s1_m30,6.19,99756
ashk.pacbio.child.chr1.cov15,raw,hN,none,sample_s1_m15,7.58,112068
ashk.pacbio.child.chr1.cov15,raw,hN,none,sample_s1_m20,7.60,112052
ashk.pacbio.child.chr1.cov15,raw,hN,none,sample_s1_m25,7.55,112052
ashk.pacbio.child.chr1.cov15,raw,hN,none,sample_s1_m30,9.09,112068
ashk.pacbio.child.chr1.cov15,realigned,hN,merged_e15_m25_t6_n3,sample_s1_m15,5.60,96552
ashk.pacbio.child.chr1.cov15,realigned,hN,merged_e15_m25_t6_n3,sample_s1_m20,6.09,96556
ashk.pacbio.child.chr1.cov15,realigned,hN,merged_e15_m25_t6_n3,sample_s1_m25,5.67,96564
ashk.pacbio.child.chr1.cov15,realigned,hN,merged_e15_m25_t6_n3,sample_s1_m30,5.76,96552
ashk.pacbio.child.chr1.cov15,realigned,hN,none,sample_s1_m15,7.31,109672
ashk.pacbio.child.chr1.cov15,realigned,hN,none,sample_s1_m20,7.22,109632
ashk.pacbio.child.chr1.cov15,realigned,hN,none,sample_s1_m25,7.26,109668
ashk.pacbio.child.chr1.cov15,realigned,hN,none,sample_s1_m30,9.03,109628
ashk.pacbio.child.chr1.cov20,raw,hN,merged_e15_m25_t6_n3,sample_s1_m15,7.68,114772
ashk.pacbio.child.chr1.cov20,raw,hN,merged_e15_m25_t6_n3,sample_s1_m20,7.91,114768
ashk.pacbio.child.chr1.cov20,raw,hN,merged_e15_m25_t6_n3,sample_s1_m25,7.79,114776
ashk.pacbio.child.chr1.cov20,raw,hN,merged_e15_m25_t6_n3,sample_s1_m30,7.80,114772
ashk.pacbio.child.chr1.cov20,raw,hN,none,sample_s1_m15,10.23,134212
ashk.pacbio.child.chr1.cov20,raw,hN,none,sample_s1_m20,10.28,134164
ashk.pacbio.child.chr1.cov20,raw,hN,none,sample_s1_m25,16.91,134172
ashk.pacbio.child.chr1.cov20,raw,hN,none,sample_s1_m30,10.16,134204
ashk.pacbio.child.chr1.cov20,realigned,hN,merged_e15_m25_t6_n3,sample_s1_m15,7.15,110184
ashk.pacbio.child.chr1.cov20,realigned,hN,merged_e15_m25_t6_n3,sample_s1_m20,7.27,110188
ashk.pacbio.child.chr1.cov20,realigned,hN,merged_e15_m25_t6_n3,sample_s1_m25,7.18,110184
ashk.pacbio.child.chr1.cov20,realigned,hN,merged_e15_m25_t6_n3,sample_s1_m30,7.25,110200
ashk.pacbio.child.chr1.cov20,realigned,hN,none,sample_s1_m15,9.76,130764
ashk.pacbio.child.chr1.cov20,realigned,hN,none,sample_s1_m20,9.81,130764
ashk.pacbio.child.chr1.cov20,realigned,hN,none,sample_s1_m25,9.75,130764
ashk.pacbio.child.chr1.cov20,realigned,hN,none,sample_s1_m30,9.84,130752
ashk.pacbio.child.chr1.cov25,raw,hN,merged_e15_m25_t6_n3,sample_s1_m15,9.19,128296
ashk.pacbio.child.chr1.cov25,raw,hN,merged_e15_m25_t6_n3,sample_s1_m20,9.26,128304
ashk.pacbio.child.chr1.cov25,raw,hN,merged_e15_m25_t6_n3,sample_s1_m25,9.37,128296
ashk.pacbio.child.chr1.cov25,raw,hN,merged_e15_m25_t6_n3,sample_s1_m30,10.45,128296
ashk.pacbio.child.chr1.cov25,raw,hN,none,sample_s1_m15,12.62,167892
ashk.pacbio.child.chr1.cov25,raw,hN,none,sample_s1_m20,12.87,167916
ashk.pacbio.child.chr1.cov25,raw,hN,none,sample_s1_m25,12.92,167880
ashk.pacbio.child.chr1.cov25,raw,hN,none,sample_s1_m30,12.92,167916
ashk.pacbio.child.chr1.cov25,realigned,hN,merged_e15_m25_t6_n3,sample_s1_m15,8.51,122732
ashk.pacbio.child.chr1.cov25,realigned,hN,merged_e15_m25_t6_n3,sample_s1_m20,9.85,122772
ashk.pacbio.child.chr1.cov25,realigned,hN,merged_e15_m25_t6_n3,sample_s1_m25,8.60,122736
ashk.pacbio.child.chr1.cov25,realigned,hN,merged_e15_m25_t6_n3,sample_s1_m30,10.01,122740
ashk.pacbio.child.chr1.cov25,realigned,hN,none,sample_s1_m15,12.05,163864
ashk.pacbio.child.chr1.cov25,realigned,hN,none,sample_s1_m20,12.34,163864
ashk.pacbio.child.chr1.cov25,realigned,hN,none,sample_s1_m25,12.26,163864
ashk.pacbio.child.chr1.cov25,realigned,hN,none,sample_s1_m30,12.27,163864
ashk.pacbio.child.chr1.cov30,raw,hN,merged_e15_m25_t6_n3,sample_s1_m15,10.74,154360
ashk.pacbio.child.chr1.cov30,raw,hN,merged_e15_m25_t6_n3,sample_s1_m20,10.94,154432
ashk.pacbio.child.chr1.cov30,raw,hN,merged_e15_m25_t6_n3,sample_s1_m25,10.77,154476
ashk.pacbio.child.chr1.cov30,raw,hN,merged_e15_m25_t6_n3,sample_s1_m30,10.85,154360
ashk.pacbio.child.chr1.cov30,raw,hN,none,sample_s1_m15,15.35,190120
ashk.pacbio.child.chr1.cov30,raw,hN,none,sample_s1_m20,15.26,190120
ashk.pacbio.child.chr1.cov30,raw,hN,none,sample_s1_m25,15.52,190180
ashk.pacbio.child.chr1.cov30,raw,hN,none,sample_s1_m30,15.66,190116
ashk.pacbio.child.chr1.cov30,realigned,hN,merged_e15_m25_t6_n3,sample_s1_m15,9.84,147708
ashk.pacbio.child.chr1.cov30,realigned,hN,merged_e15_m25_t6_n3,sample_s1_m20,16.65,147712
ashk.pacbio.child.chr1.cov30,realigned,hN,merged_e15_m25_t6_n3,sample_s1_m25,10.19,147708
ashk.pacbio.child.chr1.cov30,realigned,hN,merged_e15_m25_t6_n3,sample_s1_m30,10.09,147704
ashk.pacbio.child.chr1.cov30,realigned,hN,none,sample_s1_m15,14.44,185216
ashk.pacbio.child.chr1.cov30,realigned,hN,none,sample_s1_m20,14.62,185220
ashk.pacbio.child.chr1.cov30,realigned,hN,none,sample_s1_m25,14.90,185216
ashk.pacbio.child.chr1.cov30,realigned,hN,none,sample_s1_m30,14.69,185212
ashk.pacbio.child.chr1.cov40,raw,hN,merged_e15_m25_t6_n3,sample_s1_m15,13.43,179432
ashk.pacbio.child.chr1.cov40,raw,hN,merged_e15_m25_t6_n3,sample_s1_m20,13.72,179432
ashk.pacbio.child.chr1.cov40,raw,hN,merged_e15_m25_t6_n3,sample_s1_m25,18.64,179432
ashk.pacbio.child.chr1.cov40,raw,hN,merged_e15_m25_t6_n3,sample_s1_m30,14.12,179428
ashk.pacbio.child.chr1.cov40,raw,hN,none,sample_s1_m15,20.49,233448
ashk.pacbio.child.chr1.cov40,raw,hN,none,sample_s1_m20,20.39,233456
ashk.pacbio.child.chr1.cov40,raw,hN,none,sample_s1_m25,20.53,233456
ashk.pacbio.child.chr1.cov40,raw,hN,none,sample_s1_m30,20.53,233448
ashk.pacbio.child.chr1.cov40,realigned,hN,merged_e15_m25_t6_n3,sample_s1_m15,12.36,170552
ashk.pacbio.child.chr1.cov40,realigned,hN,merged_e15_m25_t6_n3,sample_s1_m20,12.59,170552
ashk.pacbio.child.chr1.cov40,realigned,hN,merged_e15_m25_t6_n3,sample_s1_m25,12.59,170548
ashk.pacbio.child.chr1.cov40,realigned,hN,merged_e15_m25_t6_n3,sample_s1_m30,12.70,170620
ashk.pacbio.child.chr1.cov40,realigned,hN,none,sample_s1_m15,19.38,226780
ashk.pacbio.child.chr1.cov40,realigned,hN,none,sample_s1_m20,19.84,226784
ashk.pacbio.child.chr1.cov40,realigned,hN,none,sample_s1_m25,19.90,226788
ashk.pacbio.child.chr1.cov40,realigned,hN,none,sample_s1_m30,20.74,226856
ashk.pacbio.child.chr1.cov5,raw,hN,merged_e15_m25_t6_n3,sample_s1_m15,2.84,57400
ashk.pacbio.child.chr1.cov5,raw,hN,merged_e15_m25_t6_n3,sample_s1_m20,2.33,57312
ashk.pacbio.child.chr1.cov5,raw,hN,merged_e15_m25_t6_n3,sample_s1_m25,2.32,57352
ashk.pacbio.child.chr1.cov5,raw,hN,merged_e15_m25_t6_n3,sample_s1_m30,2.29,57356
ashk.pacbio.child.chr1.cov5,raw,hN,none,sample_s1_m15,2.56,59168
ashk.pacbio.child.chr1.cov5,raw,hN,none,sample_s1_m20,2.56,59100
ashk.pacbio.child.chr1.cov5,raw,hN,none,sample_s1_m25,2.59,59120
ashk.pacbio.child.chr1.cov5,raw,hN,none,sample_s1_m30,2.55,59160
ashk.pacbio.child.chr1.cov5,realigned,hN,merged_e15_m25_t6_n3,sample_s1_m15,2.20,56724
ashk.pacbio.child.chr1.cov5,realigned,hN,merged_e15_m25_t6_n3,sample_s1_m20,2.21,56724
ashk.pacbio.child.chr1.cov5,realigned,hN,merged_e15_m25_t6_n3,sample_s1_m25,2.26,56724
ashk.pacbio.child.chr1.cov5,realigned,hN,merged_e15_m25_t6_n3,sample_s1_m30,2.20,56728
ashk.pacbio.child.chr1.cov5,realigned,hN,none,sample_s1_m15,2.46,58628
ashk.pacbio.child.chr1.cov5,realigned,hN,none,sample_s1_m20,2.43,58560
ashk.pacbio.child.chr1.cov5,realigned,hN,none,sample_s1_m25,2.42,58632
ashk.pacbio.child.chr1.cov5,realigned,hN,none,sample_s1_m30,2.48,58640
ashk.pacbio.child.chr1.cov50,raw,hN,merged_e15_m25_t6_n3,sample_s1_m15,16.10,203300
ashk.pacbio.child.chr1.cov50,raw,hN,merged_e15_m25_t6_n3,sample_s1_m20,16.52,203300
ashk.pacbio.child.chr1.cov50,raw,hN,merged_e15_m25_t6_n3,sample_s1_m25,16.35,203308
ashk.pacbio.child.chr1.cov50,raw,hN,merged_e15_m25_t6_n3,sample_s1_m30,16.55,203308
ashk.pacbio.child.chr1.cov50,raw,hN,none,sample_s1_m15,25.93,300840
ashk.pacbio.child.chr1.cov50,raw,hN,none,sample_s1_m20,26.03,300832
ashk.pacbio.child.chr1.cov50,raw,hN,none,sample_s1_m25,26.14,300832
ashk.pacbio.child.chr1.cov50,raw,hN,none,sample_s1_m30,26.03,300864
ashk.pacbio.child.chr1.cov50,realigned,hN,merged_e15_m25_t6_n3,sample_s1_m15,14.88,192056
ashk.pacbio.child.chr1.cov50,realigned,hN,merged_e15_m25_t6_n3,sample_s1_m20,15.02,192164
ashk.pacbio.child.chr1.cov50,realigned,hN,merged_e15_m25_t6_n3,sample_s1_m25,14.88,192124
ashk.pacbio.child.chr1.cov50,realigned,hN,merged_e15_m25_t6_n3,sample_s1_m30,15.40,192064
ashk.pacbio.child.chr1.cov50,realigned,hN,none,sample_s1_m15,24.17,292952
ashk.pacbio.child.chr1.cov50,realigned,hN,none,sample_s1_m20,24.93,292840
ashk.pacbio.child.chr1.cov50,realigned,hN,none,sample_s1_m25,24.88,292840
ashk.pacbio.child.chr1.cov50,realigned,hN,none,sample_s1_m30,25.46,292836
ashk.pacbio.child.chr1.cov60,raw,hN,merged_e15_m25_t6_n3,sample_s1_m15,18.70,226264
ashk.pacbio.child.chr1.cov60,raw,hN,merged_e15_m25_t6_n3,sample_s1_m20,18.99,226256
ashk.pacbio.child.chr1.cov60,raw,hN,merged_e15_m25_t6_n3,sample_s1_m25,18.84,226272
ashk.pacbio.child.chr1.cov60,raw,hN,merged_e15_m25_t6_n3,sample_s1_m30,19.35,226268
ashk.pacbio.child.chr1.cov60,raw,hN,none,sample_s1_m15,31.41,345408
ashk.pacbio.child.chr1.cov60,raw,hN,none,sample_s1_m20,31.58,345412
ashk.pacbio.child.chr1.cov60,raw,hN,none,sample_s1_m25,31.83,345468
ashk.pacbio.child.chr1.cov60,raw,hN,none,sample_s1_m30,31.84,345408
ashk.pacbio.child.chr1.cov60,realigned,hN,merged_e15_m25_t6_n3,sample_s1_m15,17.01,213536
ashk.pacbio.child.chr1.cov60,realigned,hN,merged_e15_m25_t6_n3,sample_s1_m20,17.20,213544
ashk.pacbio.child.chr1.cov60,realigned,hN,merged_e15_m25_t6_n3,sample_s1_m25,17.49,213536
ashk.pacbio.child.chr1.cov60,realigned,hN,merged_e15_m25_t6_n3,sample_s1_m30,17.64,213540
ashk.pacbio.child.chr1.cov60,realigned,hN,none,sample_s1_m15,29.98,335940
ashk.pacbio.child.chr1.cov60,realigned,hN,none,sample_s1_m20,30.33,335936
ashk.pacbio.child.chr1.cov60,realigned,hN,none,sample_s1_m25,31.36,335936
ashk.pacbio.child.chr1.cov60,realigned,hN,none,sample_s1_m30,30.26,335936
ashk.pacbio.child.chr1.covall,raw,hN,merged_e15_m25_t6_n3,sample_s1_m15,18.78,226260
ashk.pacbio.child.chr1.covall,raw,hN,merged_e15_m25_t6_n3,sample_s1_m20,18.63,226260
ashk.pacbio.child.chr1.covall,raw,hN,merged_e15_m25_t6_n3,sample_s1_m25,18.90,226260
ashk.pacbio.child.chr1.covall,raw,hN,merged_e15_m25_t6_n3,sample_s1_m30,18.93,226264
ashk.pacbio.child.chr1.covall,raw,hN,none,sample_s1_m15,31.59,345408
ashk.pacbio.child.chr1.covall,raw,hN,none,sample_s1_m20,31.97,345408
ashk.pacbio.child.chr1.covall,raw,hN,none,sample_s1_m25,31.97,345416
ashk.pacbio.child.chr1.covall,raw,hN,none,sample_s1_m30,31.95,345408
ashk.pacbio.child.chr1.covall,realigned,hN,merged_e15_m25_t6_n3,sample_s1_m15,17.31,213540
ashk.pacbio.child.chr1.covall,realigned,hN,merged_e15_m25_t6_n3,sample_s1_m20,17.30,213536
ashk.pacbio.child.chr1.covall,realigned,hN,merged_e15_m25_t6_n3,sample_s1_m25,17.37,213552
ashk.pacbio.child.chr1.covall,realigned,hN,merged_e15_m25_t6_n3,sample_s1_m30,17.53,213540
ashk.pacbio.child.chr1.covall,realigned,hN,none,sample_s1_m15,30.00,335940
ashk.pacbio.child.chr1.covall,realigned,hN,none,sample_s1_m20,29.85,335936
ashk.pacbio.child.chr1.covall,realigned,hN,none,sample_s1_m25,30.48,335932
ashk.pacbio.child.chr1.covall,realigned,hN,none,sample_s1_m30,29.85,335936
ashk.pacbio.child.chr21.cov10,raw,hN,merged_e15_m25_t6_n3,sample_s1_m15,0.90,19676
ashk.pacbio.child.chr21.cov10,raw,hN,merged_e15_m25_t6_n3,sample_s1_m20,0.92,19672
ashk.pacbio.child.chr21.cov10,raw,hN,merged_e15_m25_t6_n3,sample_s1_m25,0.90,19676
ashk.pacbio.child.chr21.cov10,raw,hN,merged_e15_m25_t6_n3,sample_s1_m30,0.91,19676
ashk.pacbio.child.chr21.cov10,raw,hN,none,sample_s1_m15,1.07,21116
ashk.pacbio.child.chr21.cov10,raw,hN,none,sample_s1_m20,1.09,21116
ashk.pacbio.child.chr21.cov10,raw,hN,none,sample_s1_m25,1.10,21096
ashk.pacbio.child.chr21.cov10,raw,hN,none,sample_s1_m30,1.10,21096
ashk.pacbio.child.chr21.cov10,realigned,hN,merged_e15_m25_t6_n3,sample_s1_m15,0.82,18784
ashk.pacbio.child.chr21.cov10,realigned,hN,merged_e15_m25_t6_n3,sample_s1_m20,0.83,18792
ashk.pacbio.child.chr21.cov10,realigned,hN,merged_e15_m25_t6_n3,sample_s1_m25,0.83,18788
ashk.pacbio.child.chr21.cov10,realigned,hN,merged_e15_m25_t6_n3,sample_s1_m30,0.83,18808
ashk.pacbio.child.chr21.cov10,realigned,hN,none,sample_s1_m15,1.05,20944
ashk.pacbio.child.chr21.cov10,realigned,hN,none,sample_s1_m20,1.03,20944
ashk.pacbio.child.chr21.cov10,realigned,hN,none,sample_s1_m25,1.44,20948
ashk.pacbio.child.chr21.cov10,realigned,hN,none,sample_s1_m30,1.04,20948
ashk.pacbio.child.chr21.cov15,raw,hN,merged_e15_m25_t6_n3,sample_s1_m15,1.25,22816
ashk.pacbio.child.chr21.cov15,raw,hN,merged_e15_m25_t6_n3,sample_s1_m20,1.28,22812
ashk.pacbio.child.chr21.cov15,raw,hN,merged_e15_m25_t6_n3,sample_s1_m25,1.27,22816
ashk.pacbio.child.chr21.cov15,raw,hN,merged_e15_m25_t6_n3,sample_s1_m30,1.34,22820
ashk.pacbio.child.chr21.cov15,raw,hN,none,sample_s1_m15,1.65,27280
ashk.pacbio.child.chr21.cov15,raw,hN,none,sample_s1_m20,1.64,27280
ashk.pacbio.child.chr21.cov15,raw,hN,none,sample_s1_m25,1.67,27280
ashk.pacbio.child.chr21.cov15,raw,hN,none,sample_s1_m30,1.68,27284
ashk.pacbio.child.chr21.cov15,realigned,hN,merged_e15_m25_t6_n3,sample_s1_m15,1.20,22000
ashk.pacbio.child.chr21.cov15,realigned,hN,merged_e15_m25_t6_n3,sample_s1_m20,1.17,22020
ashk.pacbio.child.chr21.cov15,realigned,hN,merged_e15_m25_t6_n3,sample_s1_m25,1.15,22020
ashk.pacbio.child.chr21.cov15,realigned,hN,merged_e15_m25_t6_n3,sample_s1_m30,1.17,21996
ashk.pacbio.child.chr21.cov15,realigned,hN,none,sample_s1_m15,1.56,26940
ashk.pacbio.child.chr21.cov15,realigned,hN,none,sample_s1_m20,1.59,26932
ashk.pacbio.child.chr21.cov15,realigned,hN,none,sample_s1_m25,1.59,26940
ashk.pacbio.child.chr21.cov15,realigned,hN,none,sample_s1_m30,1.61,26936
ashk.pacbio.child.chr21.cov20,raw,hN,merged_e15_m25_t6_n3,sample_s1_m15,1.56,27116
ashk.pacbio.child.chr21.cov20,raw,hN,merged_e15_m25_t6_n3,sample_s1_m20,1.58,27120
ashk.pacbio.child.chr21.cov20,raw,hN,merged_e15_m25_t6_n3,sample_s1_m25,1.58,27104
ashk.pacbio.child.chr21.cov20,raw,hN,merged_e15_m25_t6_n3,sample_s1_m30,1.58,27124
ashk.pacbio.child.chr21.cov20,raw,hN,none,sample_s1_m15,2.13,31788
ashk.pacbio.child.chr21.cov20,raw,hN,none,sample_s1_m20,2.16,31788
ashk.pacbio.child.chr21.cov20,raw,hN,none,sample_s1_m25,2.27,31792
ashk.pacbio.child.chr21.cov20,raw,hN,none,sample_s1_m30,2.38,31796
ashk.pacbio.child.chr21.cov20,realigned,hN,merged_e15_m25_t6_n3,sample_s1_m15,1.40,25960
ashk.pacbio.child.chr21.cov20,realigned,hN,merged_e15_m25_t6_n3,sample_s1_m20,1.51,25960
ashk.pacbio.child.chr21.cov20,realigned,hN,merged_e15_m25_t6_n3,sample_s1_m25,1.43,25972
ashk.pacbio.child.chr21.cov20,realigned,hN,merged_e15_m25_t6_n3,sample_s1_m30,1.44,25968
ashk.pacbio.child.chr21.cov20,realigned,hN,none,sample_s1_m15,2.04,31176
ashk.pacbio.child.chr21.cov20,realigned,hN,none,sample_s1_m20,2.50,31164
ashk.pacbio.child.chr21.cov20,realigned,hN,none,sample_s1_m25,2.07,31164
ashk.pacbio.child.chr21.cov20,realigned,hN,none,sample_s1_m30,2.54,31160
ashk.pacbio.child.chr21.cov25,raw,hN,merged_e15_m25_t6_n3,sample_s1_m15,1.83,29684
ashk.pacbio.child.chr21.cov25,raw,hN,merged_e15_m25_t6_n3,sample_s1_m20,2.28,29696
ashk.pacbio.child.chr21.cov25,raw,hN,merged_e15_m25_t6_n3,sample_s1_m25,1.92,29676
ashk.pacbio.child.chr21.cov25,raw,hN,merged_e15_m25_t6_n3,sample_s1_m30,2.24,29700
ashk.pacbio.child.chr21.cov25,raw,hN,none,sample_s1_m15,2.63,36124
ashk.pacbio.child.chr21.cov25,raw,hN,none,sample_s1_m20,2.70,36124
ashk.pacbio.child.chr21.cov25,raw,hN,none,sample_s1_m25,2.61,36132
ashk.pacbio.child.chr21.cov25,raw,hN,none,sample_s1_m30,2.72,36116
ashk.pacbio.child.chr21.cov25,realigned,hN,merged_e15_m25_t6_n3,sample_s1_m15,1.65,28528
ashk.pacbio.child.chr21.cov25,realigned,hN,merged_e15_m25_t6_n3,sample_s1_m20,1.69,28524
ashk.pacbio.child.chr21.cov25,realigned,hN,merged_e15_m25_t6_n3,sample_s1_m25,1.72,28524
ashk.pacbio.child.chr21.cov25,realigned,hN,merged_e15_m25_t6_n3,sample_s1_m30,1.73,28528
ashk.pacbio.child.chr21.cov25,realigned,hN,none,sample_s1_m15,2.57,35336
ashk.pacbio.child.chr21.cov25,realigned,hN,none,sample_s1_m20,2.55,35336
ashk.pacbio.child.chr21.cov25,realigned,hN,none,sample_s1_m25,2.58,35340
ashk.pacbio.child.chr21.cov25,realigned,hN,none,sample_s1_m30,2.59,35336
ashk.pacbio.child.chr21.cov30,raw,hN,merged_e15_m25_t6_n3,sample_s1_m15,2.14,32228
ashk.pacbio.child.chr21.cov30,raw,hN,merged_e15_m25_t6_n3,sample_s1_m20,2.13,32240
ashk.pacbio.child.chr21.cov30,raw,hN,merged_e15_m25_t6_n3,sample_s1_m25,2.15,32252
ashk.pacbio.child.chr21.cov30,raw,hN,merged_e15_m25_t6_n3,sample_s1_m30,2.60,32236
ashk.pacbio.child.chr21.cov30,raw,hN,none,sample_s1_m15,3.23,43796
ashk.pacbio.child.chr21.cov30,raw,hN,none,sample_s1_m20,3.21,43804
ashk.pacbio.child.chr21.cov30,raw,hN,none,sample_s1_m25,3.25,43800
ashk.pacbio.child.chr21.cov30,raw,hN,none,sample_s1_m30,3.25,43804
ashk.pacbio.child.chr21.cov30,realigned,hN,merged_e15_m25_t6_n3,sample_s1_m15,1.93,30764
ashk.pacbio.child.chr21.cov30,realigned,hN,merged_e15_m25_t6_n3,sample_s1_m20,1.97,30764
ashk.pacbio.child.chr21.cov30,realigned,hN,merged_e15_m25_t6_n3,sample_s1_m25,1.98,30824
ashk.pacbio.child.chr21.cov30,realigned,hN,merged_e15_m25_t6_n3,sample_s1_m30,1.94,30768
ashk.pacbio.child.chr21.cov30,realigned,hN,none,sample_s1_m15,3.04,43364
ashk.pacbio.child.chr21.cov30,realigned,hN,none,sample_s1_m20,3.19,43364
ashk.pacbio.child.chr21.cov30,realigned,hN,none,sample_s1_m25,3.13,43364
ashk.pacbio.child.chr21.cov30,realigned,hN,none,sample_s1_m30,3.11,43364
ashk.pacbio.child.chr21.cov40,raw,hN,merged_e15_m25_t6_n3,sample_s1_m15,2.63,36996
ashk.pacbio.child.chr21.cov40,raw,hN,merged_e15_m25_t6_n3,sample_s1_m20,4.52,37004
ashk.pacbio.child.chr21.cov40,raw,hN,merged_e15_m25_t6_n3,sample_s1_m25,4.52,36996
ashk.pacbio.child.chr21.cov40,raw,hN,merged_e15_m25_t6_n3,sample_s1_m30,2.69,37000
ashk.pacbio.child.chr21.cov40,raw,hN,none,sample_s1_m15,4.26,52796
ashk.pacbio.child.chr21.cov40,raw,hN,none,sample_s1_m20,4.30,52808
ashk.pacbio.child.chr21.cov40,raw,hN,none,sample_s1_m25,4.28,52796
ashk.pacbio.child.chr21.cov40,raw,hN,none,sample_s1_m30,4.33,52796
ashk.pacbio.child.chr21.cov40,realigned,hN,merged_e15_m25_t6_n3,sample_s1_m15,2.40,35088
ashk.pacbio.child.chr21.cov40,realigned,hN,merged_e15_m25_t6_n3,sample_s1_m20,2.56,35080
ashk.pacbio.child.chr21.cov40,realigned,hN,merged_e15_m25_t6_n3,sample_s1_m25,2.43,35092
ashk.pacbio.child.chr21.cov40,realigned,hN,merged_e15_m25_t6_n3,sample_s1_m30,2.48,35080
ashk.pacbio.child.chr21.cov40,realigned,hN,none,sample_s1_m15,4.10,51584
ashk.pacbio.child.chr21.cov40,realigned,hN,none,sample_s1_m20,4.65,51580
ashk.pacbio.child.chr21.cov40,realigned,hN,none,sample_s1_m25,4.12,51584
ashk.pacbio.child.chr21.cov40,realigned,hN,none,sample_s1_m30,4.14,51576
ashk.pacbio.child.chr21.cov5,raw,hN,merged_e15_m25_t6_n3,sample_s1_m15,0.51,15356
ashk.pacbio.child.chr21.cov5,raw,hN,merged_e15_m25_t6_n3,sample_s1_m20,0.63,15360
ashk.pacbio.child.chr21.cov5,raw,hN,merged_e15_m25_t6_n3,sample_s1_m25,0.51,15360
ashk.pacbio.child.chr21.cov5,raw,hN,merged_e15_m25_t6_n3,sample_s1_m30,0.50,15368
ashk.pacbio.child.chr21.cov5,raw,hN,none,sample_s1_m15,0.58,15844
ashk.pacbio.child.chr21.cov5,raw,hN,none,sample_s1_m20,0.56,15840
ashk.pacbio.child.chr21.cov5,raw,hN,none,sample_s1_m25,0.56,15840
ashk.pacbio.child.chr21.cov5,raw,hN,none,sample_s1_m30,0.56,15844
ashk.pacbio.child.chr21.cov5,realigned,hN,merged_e15_m25_t6_n3,sample_s1_m15,0.48,15120
ashk.pacbio.child.chr21.cov5,realigned,hN,merged_e15_m25_t6_n3,sample_s1_m20,0.47,15120
ashk.pacbio.child.chr21.cov5,realigned,hN,merged_e15_m25_t6_n3,sample_s1_m25,0.47,15124
ashk.pacbio.child.chr21.cov5,realigned,hN,merged_e15_m25_t6_n3,sample_s1_m30,0.48,15120
ashk.pacbio.child.chr21.cov5,realigned,hN,none,sample_s1_m15,0.55,15716
ashk.pacbio.child.chr21.cov5,realigned,hN,none,sample_s1_m20,0.53,15716
ashk.pacbio.child.chr21.cov5,realigned,hN,none,sample_s1_m25,0.53,15716
ashk.pacbio.child.chr21.cov5,realigned,hN,none,sample_s1_m30,0.52,15724
ashk.pacbio.child.chr21.cov50,raw,hN,merged_e15_m25_t6_n3,sample_s1_m15,3.16,44400
ashk.pacbio.child.chr21.cov50,raw,hN,merged_e15_m25_t6_n3,sample_s1_m20,3.14,44404
ashk.pacbio.child.chr21.cov50,raw,hN,merged_e15_m25_t6_n3,sample_s1_m25,3.15,44404
ashk.pacbio.child.chr21.cov50,raw,hN,merged_e15_m25_t6_n3,sample_s1_m30,3.15,44428
ashk.pacbio.child.chr21.cov50,raw,hN,none,sample_s1_m15,5.34,61552
ashk.pacbio.child.chr21.cov50,raw,hN,none,sample_s1_m20,5.43,61552
ashk.pacbio.child.chr21.cov50,raw,hN,none,sample_s1_m25,5.44,61544
ashk.pacbio.child.chr21.cov50,raw,hN,none,sample_s1_m30,5.46,61648
ashk.pacbio.child.chr21.cov50,realigned,hN,merged_e15_m25_t6_n3,sample_s1_m15,2.80,42180
ashk.pacbio.child.chr21.cov50,realigned,hN,merged_e15_m25_t6_n3,sample_s1_m20,2.87,42172
ashk.pacbio.child.chr21.cov50,realigned,hN,merged_e15_m25_t6_n3,sample_s1_m25,2.87,42168
ashk.pacbio.child.chr21.cov50,realigned,hN,merged_e15_m25_t6_n3,sample_s1_m30,4.10,42164
ashk.pacbio.child.chr21.cov50,realigned,hN,none,sample_s1_m15,5.80,59980
ashk.pacbio.child.chr21.cov50,realigned,hN,none,sample_s1_m20,5.11,59972
ashk.pacbio.child.chr21.cov50,realigned,hN,none,sample_s1_m25,5.83,59988
ashk.pacbio.child.chr21.cov50,realigned,hN,none,sample_s1_m30,5.18,60108
ashk.pacbio.child.chr21.cov60,raw,hN,merged_e15_m25_t6_n3,sample_s1_m15,3.29,45800
ashk.pacbio.child.chr21.cov60,raw,hN,merged_e15_m25_t6_n3,sample_s1_m20,3.42,45800
ashk.pacbio.child.chr21.cov60,raw,hN,merged_e15_m25_t6_n3,sample_s1_m25,4.61,45808
ashk.pacbio.child.chr21.cov60,raw,hN,merged_e15_m25_t6_n3,sample_s1_m30,3.27,45808
ashk.pacbio.child.chr21.cov60,raw,hN,none,sample_s1_m15,5.74,64428
ashk.pacbio.child.chr21.cov60,raw,hN,none,sample_s1_m20,5.78,64436
ashk.pacbio.child.chr21.cov60,raw,hN,none,sample_s1_m25,5.73,64424
ashk.pacbio.child.chr21.cov60,raw,hN,none,sample_s1_m30,5.74,64544
ashk.pacbio.child.chr21.cov60,realigned,hN,merged_e15_m25_t6_n3,sample_s1_m15,2.94,43332
ashk.pacbio.child.chr21.cov60,realigned,hN,merged_e15_m25_t6_n3,sample_s1_m20,4.23,43336
ashk.pacbio.child.chr21.cov60,realigned,hN,merged_e15_m25_t6_n3,sample_s1_m25,2.94,43332
ashk.pacbio.child.chr21.cov60,realigned,hN,merged_e15_m25_t6_n3,sample_s1_m30,3.07,43328
ashk.pacbio.child.chr21.cov60,realigned,hN,none,sample_s1_m15,5.45,62768
ashk.pacbio.child.chr21.cov60,realigned,hN,none,sample_s1_m20,5.47,62772
ashk.pacbio.child.chr21.cov60,realigned,hN,none,sample_s1_m25,5.57,62768
ashk.pacbio.child.chr21.cov60,realigned,hN,none,sample_s1_m30,5.70,62784
ashk.pacbio.child.chr21.covall,raw,hN,merged_e15_m25_t6_n3,sample_s1_m15,3.27,45808
ashk.pacbio.child.chr21.covall,raw,hN,merged_e15_m25_t6_n3,sample_s1_m20,3.30,45808
ashk.pacbio.child.chr21.covall,raw,hN,merged_e15_m25_t6_n3,sample_s1_m25,3.32,45804
ashk.pacbio.child.chr21.covall,raw,hN,merged_e15_m25_t6_n3,sample_s1_m30,3.34,45812
ashk.pacbio.child.chr21.covall,raw,hN,none,sample_s1_m15,5.67,64440
ashk.pacbio.child.chr21.covall,raw,hN,none,sample_s1_m20,5.75,64440
ashk.pacbio.child.chr21.covall,raw,hN,none,sample_s1_m25,5.82,64440
ashk.pacbio.child.chr21.covall,raw,hN,none,sample_s1_m30,5.69,64552
ashk.pacbio.child.chr21.covall,realigned,hN,merged_e15_m25_t6_n3,sample_s1_m15,2.93,43332
ashk.pacbio.child.chr21.covall,realigned,hN,merged_e15_m25_t6_n3,sample_s1_m20,3.04,43332
ashk.pacbio.child.chr21.covall,realigned,hN,merged_e15_m25_t6_n3,sample_s1_m25,3.00,43332
ashk.pacbio.child.chr21.covall,realigned,hN,merged_e15_m25_t6_n3,sample_s1_m30,3.00,43328
ashk.pacbio.child.chr21.covall,realigned,hN,none,sample_s1_m15,5.55,62780
ashk.pacbio.child.chr21.covall,realigned,hN,none,sample_s1_m20,5.50,62772
ashk.pacbio.child.chr21.covall,realigned,hN,none,sample_s1_m25,5.61,62776
ashk.pacbio.child.chr21.covall,realigned,hN,none,sample_s1_m30,5.58,62920
sim.pacbio.child.chr1.cov10,raw,hN,merged_e15_m25_t6_n3,sample_s1_m15,4.31,77668
sim.pacbio.child.chr1.cov10,raw,hN,merged_e15_m25_t6_n3,sample_s1_m20,4.27,77660
sim.pacbio.child.chr1.cov10,raw,hN,merged_e15_m25_t6_n3,sample_s1_m25,4.32,77644
sim.pacbio.child.chr1.cov10,raw,hN,merged_e15_m25_t6_n3,sample_s1_m30,4.43,77656
sim.pacbio.child.chr1.cov10,raw,hN,none,sample_s1_m15,5.09,84152
sim.pacbio.child.chr1.cov10,raw,hN,none,sample_s1_m20,5.05,84212
sim.pacbio.child.chr1.cov10,raw,hN,none,sample_s1_m25,5.06,84148
sim.pacbio.child.chr1.cov10,raw,hN,none,sample_s1_m30,5.18,84108
sim.pacbio.child.chr1.cov10,realigned,hN,merged_e15_m25_t6_n3,sample_s1_m15,4.58,76072
sim.pacbio.child.chr1.cov10,realigned,hN,merged_e15_m25_t6_n3,sample_s1_m20,5.38,75916
sim.pacbio.child.chr1.cov10,realigned,hN,merged_e15_m25_t6_n3,sample_s1_m25,4.10,75940
sim.pacbio.child.chr1.cov10,realigned,hN,merged_e15_m25_t6_n3,sample_s1_m30,4.10,75868
sim.pacbio.child.chr1.cov10,realigned,hN,none,sample_s1_m15,4.85,82736
sim.pacbio.child.chr1.cov10,realigned,hN,none,sample_s1_m20,5.01,82660
sim.pacbio.child.chr1.cov10,realigned,hN,none,sample_s1_m25,4.97,82688
sim.pacbio.child.chr1.cov10,realigned,hN,none,sample_s1_m30,4.91,82924
sim.pacbio.child.chr1.cov15,raw,hN,merged_e15_m25_t6_n3,sample_s1_m15,6.10,99552
sim.pacbio.child.chr1.cov15,raw,hN,merged_e15_m25_t6_n3,sample_s1_m20,6.17,99428
sim.pacbio.child.chr1.cov15,raw,hN,merged_e15_m25_t6_n3,sample_s1_m25,6.12,99428
sim.pacbio.child.chr1.cov15,raw,hN,merged_e15_m25_t6_n3,sample_s1_m30,6.21,99428
sim.pacbio.child.chr1.cov15,raw,hN,none,sample_s1_m15,7.68,112256
sim.pacbio.child.chr1.cov15,raw,hN,none,sample_s1_m20,7.88,112252
sim.pacbio.child.chr1.cov15,raw,hN,none,sample_s1_m25,7.74,112260
sim.pacbio.child.chr1.cov15,raw,hN,none,sample_s1_m30,7.81,112256
sim.pacbio.child.chr1.cov15,realigned,hN,merged_e15_m25_t6_n3,sample_s1_m15,5.77,96740
sim.pacbio.child.chr1.cov15,realigned,hN,merged_e15_m25_t6_n3,sample_s1_m20,5.78,96736
sim.pacbio.child.chr1.cov15,realigned,hN,merged_e15_m25_t6_n3,sample_s1_m25,5.76,96724
sim.pacbio.child.chr1.cov15,realigned,hN,merged_e15_m25_t6_n3,sample_s1_m30,5.68,96712
sim.pacbio.child.chr1.cov15,realigned,hN,none,sample_s1_m15,7.57,110212
sim.pacbio.child.chr1.cov15,realigned,hN,none,sample_s1_m20,7.34,110212
sim.pacbio.child.chr1.cov15,realigned,hN,none,sample_s1_m25,7.53,110208
sim.pacbio.child.chr1.cov15,realigned,hN,none,sample_s1_m30,7.32,110208
sim.pacbio.child.chr1.cov20,raw,hN,merged_e15_m25_t6_n3,sample_s1_m15,7.89,114232
sim.pacbio.child.chr1.cov20,raw,hN,merged_e15_m25_t6_n3,sample_s1_m20,7.77,114236
sim.pacbio.child.chr1.cov20,raw,hN,merged_e15_m25_t6_n3,sample_s1_m25,7.97,114232
sim.pacbio.child.chr1.cov20,raw,hN,merged_e15_m25_t6_n3,sample_s1_m30,7.93,114248
sim.pacbio.child.chr1.cov20,raw,hN,none,sample_s1_m15,10.29,134168
sim.pacbio.child.chr1.cov20,raw,hN,none,sample_s1_m20,10.27,134148
sim.pacbio.child.chr1.cov20,raw,hN,none,sample_s1_m25,10.26,134144
sim.pacbio.child.chr1.cov20,raw,hN,none,sample_s1_m30,10.28,134144
sim.pacbio.child.chr1.cov20,realigned,hN,merged_e15_m25_t6_n3,sample_s1_m15,7.31,110332
sim.pacbio.child.chr1.cov20,realigned,hN,merged_e15_m25_t6_n3,sample_s1_m20,12.83,110332
sim.pacbio.child.chr1.cov20,realigned,hN,merged_e15_m25_t6_n3,sample_s1_m25,12.83,110324
sim.pacbio.child.chr1.cov20,realigned,hN,merged_e15_m25_t6_n3,sample_s1_m30,7.32,110332
sim.pacbio.child.chr1.cov20,realigned,hN,none,sample_s1_m15,9.86,131628
sim.pacbio.child.chr1.cov20,realigned,hN,none,sample_s1_m20,9.83,131624
sim.pacbio.child.chr1.cov20,realigned,hN,none,sample_s1_m25,9.92,131624
sim.pacbio.child.chr1.cov20,realigned,hN,none,sample_s1_m30,10.04,131620
sim.pacbio.child.chr1.cov25,raw,hN,merged_e15_m25_t6_n3,sample_s1_m15,9.45,127888
sim.pacbio.child.chr1.cov25,raw,hN,merged_e15_m25_t6_n3,sample_s1_m20,9.47,127896
sim.pacbio.child.chr1.cov25,raw,hN,merged_e15_m25_t6_n3,sample_s1_m25,9.41,127892
sim.pacbio.child.chr1.cov25,raw,hN,merged_e15_m25_t6_n3,sample_s1_m30,10.39,127896
sim.pacbio.child.chr1.cov25,raw,hN,none,sample_s1_m15,12.70,167748
sim.pacbio.child.chr1.cov25,raw,hN,none,sample_s1_m20,12.84,167748
sim.pacbio.child.chr1.cov25,raw,hN,none,sample_s1_m25,12.86,167748
sim.pacbio.child.chr1.cov25,raw,hN,none,sample_s1_m30,13.17,167804
sim.pacbio.child.chr1.cov25,realigned,hN,merged_e15_m25_t6_n3,sample_s1_m15,8.81,123248
sim.pacbio.child.chr1.cov25,realigned,hN,merged_e15_m25_t6_n3,sample_s1_m20,8.75,123248
sim.pacbio.child.chr1.cov25,realigned,hN,merged_e15_m25_t6_n3,sample_s1_m25,8.88,123296
sim.pacbio.child.chr1.cov25,realigned,hN,merged_e15_m25_t6_n3,sample_s1_m30,9.09,123324
sim.pacbio.child.chr1.cov25,realigned,hN,none,sample_s1_m15,12.47,164560
sim.pacbio.child.chr1.cov25,realigned,hN,none,sample_s1_m20,12.40,164568
sim.pacbio.child.chr1.cov25,realigned,hN,none,sample_s1_m25,12.31,164568
sim.pacbio.child.chr1.cov25,realigned,hN,none,sample_s1_m30,12.39,164568
sim.pacbio.child.chr1.cov30,raw,hN,merged_e15_m25_t6_n3,sample_s1_m15,9.17,127916
sim.pacbio.child.chr1.cov30,raw,hN,merged_e15_m25_t6_n3,sample_s1_m20,9.34,127888
sim.pacbio.child.chr1.cov30,raw,hN,merged_e15_m25_t6_n3,sample_s1_m25,9.35,127892
sim.pacbio.child.chr1.cov30,raw,hN,merged_e15_m25_t6_n3,sample_s1_m30,9.43,127884
sim.pacbio.child.chr1.cov30,raw,hN,none,sample_s1_m15,12.91,167752
sim.pacbio.child.chr1.cov30,raw,hN,none,sample_s1_m20,12.73,167748
sim.pacbio.child.chr1.cov30,raw,hN,none,sample_s1_m25,12.89,167760
sim.pacbio.child.chr1.cov30,raw,hN,none,sample_s1_m30,13.03,167748
sim.pacbio.child.chr1.cov30,realigned,hN,merged_e15_m25_t6_n3,sample_s1_m15,8.72,123244
sim.pacbio.child.chr1.cov30,realigned,hN,merged_e15_m25_t6_n3,sample_s1_m20,9.10,123244
sim.pacbio.child.chr1.cov30,realigned,hN,merged_e15_m25_t6_n3,sample_s1_m25,10.04,123260
sim.pacbio.child.chr1.cov30,realigned,hN,merged_e15_m25_t6_n3,sample_s1_m30,8.72,123244
sim.pacbio.child.chr1.cov30,realigned,hN,none,sample_s1_m15,12.60,164560
sim.pacbio.child.chr1.cov30,realigned,hN,none,sample_s1_m20,13.06,164564
sim.pacbio.child.chr1.cov30,realigned,hN,none,sample_s1_m25,13.00,164564
sim.pacbio.child.chr1.cov30,realigned,hN,none,sample_s1_m30,12.59,164568
sim.pacbio.child.chr1.cov40,raw,hN,merged_e15_m25_t6_n3,sample_s1_m15,13.39,178412
sim.pacbio.child.chr1.cov40,raw,hN,merged_e15_m25_t6_n3,sample_s1_m20,18.69,178412
sim.pacbio.child.chr1.cov40,raw,hN,merged_e15_m25_t6_n3,sample_s1_m25,13.75,178412
sim.pacbio.child.chr1.cov40,raw,hN,merged_e15_m25_t6_n3,sample_s1_m30,13.97,178472
sim.pacbio.child.chr1.cov40,raw,hN,none,sample_s1_m15,20.66,234072
sim.pacbio.child.chr1.cov40,raw,hN,none,sample_s1_m20,20.57,234072
sim.pacbio.child.chr1.cov40,raw,hN,none,sample_s1_m25,20.83,234076
sim.pacbio.child.chr1.cov40,raw,hN,none,sample_s1_m30,20.99,234064
sim.pacbio.child.chr1.cov40,realigned,hN,merged_e15_m25_t6_n3,sample_s1_m15,12.50,170776
sim.pacbio.child.chr1.cov40,realigned,hN,merged_e15_m25_t6_n3,sample_s1_m20,12.63,170772
sim.pacbio.child.chr1.cov40,realigned,hN,merged_e15_m25_t6_n3,sample_s1_m25,12.81,170776
sim.pacbio.child.chr1.cov40,realigned,hN,merged_e15_m25_t6_n3,sample_s1_m30,12.76,170776
sim.pacbio.child.chr1.cov40,realigned,hN,none,sample_s1_m15,20.02,228684
sim.pacbio.child.chr1.cov40,realigned,hN,none,sample_s1_m20,19.95,228684
sim.pacbio.child.chr1.cov40,realigned,hN,none,sample_s1_m25,20.09,228688
sim.pacbio.child.chr1.cov40,realigned,hN,none,sample_s1_m30,21.42,228688
sim.pacbio.child.chr1.cov5,raw,hN,merged_e15_m25_t6_n3,sample_s1_m15,2.38,57476
sim.pacbio.child.chr1.cov5,raw,hN,merged_e15_m25_t6_n3,sample_s1_m20,2.41,57400
sim.pacbio.child.chr1.cov5,raw,hN,merged_e15_m25_t6_n3,sample_s1_m25,2.30,57488
sim.pacbio.child.chr1.cov5,raw,hN,merged_e15_m25_t6_n3,sample_s1_m30,2.44,57432
sim.pacbio.child.chr1.cov5,raw,hN,none,sample_s1_m15,2.73,59252
sim.pacbio.child.chr1.cov5,raw,hN,none,sample_s1_m20,2.55,59372
sim.pacbio.child.chr1.cov5,raw,hN,none,sample_s1_m25,2.56,59368
sim.pacbio.child.chr1.cov5,raw,hN,none,sample_s1_m30,2.52,59296
sim.pacbio.child.chr1.cov5,realigned,hN,merged_e15_m25_t6_n3,sample_s1_m15,2.22,56632
sim.pacbio.child.chr1.cov5,realigned,hN,merged_e15_m25_t6_n3,sample_s1_m20,2.22,56636
sim.pacbio.child.chr1.cov5,realigned,hN,merged_e15_m25_t6_n3,sample_s1_m25,2.21,56564
sim.pacbio.child.chr1.cov5,realigned,hN,merged_e15_m25_t6_n3,sample_s1_m30,2.27,56660
sim.pacbio.child.chr1.cov5,realigned,hN,none,sample_s1_m15,2.46,58652
sim.pacbio.child.chr1.cov5,realigned,hN,none,sample_s1_m20,2.50,58592
sim.pacbio.child.chr1.cov5,realigned,hN,none,sample_s1_m25,2.47,58576
sim.pacbio.child.chr1.cov5,realigned,hN,none,sample_s1_m30,2.49,58580
sim.pacbio.child.chr1.cov50,raw,hN,merged_e15_m25_t6_n3,sample_s1_m15,25.23,201072
sim.pacbio.child.chr1.cov50,raw,hN,merged_e15_m25_t6_n3,sample_s1_m20,16.24,201072
sim.pacbio.child.chr1.cov50,raw,hN,merged_e15_m25_t6_n3,sample_s1_m25,16.24,201068
sim.pacbio.child.chr1.cov50,raw,hN,merged_e15_m25_t6_n3,sample_s1_m30,16.75,201068
sim.pacbio.child.chr1.cov50,raw,hN,none,sample_s1_m15,26.16,300736
sim.pacbio.child.chr1.cov50,raw,hN,none,sample_s1_m20,26.81,300740
sim.pacbio.child.chr1.cov50,raw,hN,none,sample_s1_m25,26.13,300740
sim.pacbio.child.chr1.cov50,raw,hN,none,sample_s1_m30,26.48,300732
sim.pacbio.child.chr1.cov50,realigned,hN,merged_e15_m25_t6_n3,sample_s1_m15,14.79,191760
sim.pacbio.child.chr1.cov50,realigned,hN,merged_e15_m25_t6_n3,sample_s1_m20,15.29,191756
sim.pacbio.child.chr1.cov50,realigned,hN,merged_e15_m25_t6_n3,sample_s1_m25,15.26,191784
sim.pacbio.child.chr1.cov50,realigned,hN,merged_e15_m25_t6_n3,sample_s1_m30,15.14,191780
sim.pacbio.child.chr1.cov50,realigned,hN,none,sample_s1_m15,25.08,294356
sim.pacbio.child.chr1.cov50,realigned,hN,none,sample_s1_m20,24.86,294364
sim.pacbio.child.chr1.cov50,realigned,hN,none,sample_s1_m25,25.74,294360
sim.pacbio.child.chr1.cov50,realigned,hN,none,sample_s1_m30,25.81,294360
sim.pacbio.child.chr1.cov60,raw,hN,merged_e15_m25_t6_n3,sample_s1_m15,16.22,201072
sim.pacbio.child.chr1.cov60,raw,hN,merged_e15_m25_t6_n3,sample_s1_m20,25.02,201072
sim.pacbio.child.chr1.cov60,raw,hN,merged_e15_m25_t6_n3,sample_s1_m25,16.27,201068
sim.pacbio.child.chr1.cov60,raw,hN,merged_e15_m25_t6_n3,sample_s1_m30,16.78,201064
sim.pacbio.child.chr1.cov60,raw,hN,none,sample_s1_m15,26.51,300736
sim.pacbio.child.chr1.cov60,raw,hN,none,sample_s1_m20,26.10,300736
sim.pacbio.child.chr1.cov60,raw,hN,none,sample_s1_m25,26.56,300740
sim.pacbio.child.chr1.cov60,raw,hN,none,sample_s1_m30,26.35,300736
sim.pacbio.child.chr1.cov60,realigned,hN,merged_e15_m25_t6_n3,sample_s1_m15,14.89,191776
sim.pacbio.child.chr1.cov60,realigned,hN,merged_e15_m25_t6_n3,sample_s1_m20,14.94,191764
sim.pacbio.child.chr1.cov60,realigned,hN,merged_e15_m25_t6_n3,sample_s1_m25,15.08,191908
sim.pacbio.child.chr1.cov60,realigned,hN,merged_e15_m25_t6_n3,sample_s1_m30,15.23,191760
sim.pacbio.child.chr1.cov60,realigned,hN,none,sample_s1_m15,25.19,294360
sim.pacbio.child.chr1.cov60,realigned,hN,none,sample_s1_m20,25.48,294356
sim.pacbio.child.chr1.cov60,realigned,hN,none,sample_s1_m25,25.86,294360
sim.pacbio.child.chr1.cov60,realigned,hN,none,sample_s1_m30,25.83,294364
sim.pacbio.child.chr1.covall,raw,hN,merged_e15_m25_t6_n3,sample_s1_m15,9.32,127896
sim.pacbio.child.chr1.covall,raw,hN,merged_e15_m25_t6_n3,sample_s1_m20,10.42,127884
sim.pacbio.child.chr1.covall,raw,hN,merged_e15_m25_t6_n3,sample_s1_m25,9.44,127892
sim.pacbio.child.chr1.covall,raw,hN,merged_e15_m25_t6_n3,sample_s1_m30,9.31,127952
sim.pacbio.child.chr1.covall,raw,hN,none,sample_s1_m15,13.17,167748
sim.pacbio.child.chr1.covall,raw,hN,none,sample_s1_m20,12.81,167748
sim.pacbio.child.chr1.covall,raw,hN,none,sample_s1_m25,13.02,167744
sim.pacbio.child.chr1.covall,raw,hN,none,sample_s1_m30,13.04,167760
sim.pacbio.child.chr1.covall,realigned,hN,merged_e15_m25_t6_n3,sample_s1_m15,9.91,123252
sim.pacbio.child.chr1.covall,realigned,hN,merged_e15_m25_t6_n3,sample_s1_m20,10.69,123248
sim.pacbio.child.chr1.covall,realigned,hN,merged_e15_m25_t6_n3,sample_s1_m25,9.51,123308
sim.pacbio.child.chr1.covall,realigned,hN,merged_e15_m25_t6_n3,sample_s1_m30,8.75,123256
sim.pacbio.child.chr1.covall,realigned,hN,none,sample_s1_m15,12.27,164504
sim.pacbio.child.chr1.covall,realigned,hN,none,sample_s1_m20,12.24,164508
sim.pacbio.child.chr1.covall,realigned,hN,none,sample_s1_m25,12.43,164512
sim.pacbio.child.chr1.covall,realigned,hN,none,sample_s1_m30,12.68,164504
sim.pacbio.child.chr21.cov10,raw,hN,merged_e15_m25_t6_n3,sample_s1_m15,0.95,20184
sim.pacbio.child.chr21.cov10,raw,hN,merged_e15_m25_t6_n3,sample_s1_m20,0.97,20188
sim.pacbio.child.chr21.cov10,raw,hN,merged_e15_m25_t6_n3,sample_s1_m25,0.96,20192
sim.pacbio.child.chr21.cov10,raw,hN,merged_e15_m25_t6_n3,sample_s1_m30,0.98,20200
sim.pacbio.child.chr21.cov10,raw,hN,none,sample_s1_m15,1.19,21908
sim.pacbio.child.chr21.cov10,raw,hN,none,sample_s1_m20,1.20,21908
sim.pacbio.child.chr21.cov10,raw,hN,none,sample_s1_m25,1.21,22148
sim.pacbio.child.chr21.cov10,raw,hN,none,sample_s1_m30,1.21,21908
sim.pacbio.child.chr21.cov10,realigned,hN,merged_e15_m25_t6_n3,sample_s1_m15,0.91,19732
sim.pacbio.child.chr21.cov10,realigned,hN,merged_e15_m25_t6_n3,sample_s1_m20,0.89,19740
sim.pacbio.child.chr21.cov10,realigned,hN,merged_e15_m25_t6_n3,sample_s1_m25,1.30,19740
sim.pacbio.child.chr21.cov10,realigned,hN,merged_e15_m25_t6_n3,sample_s1_m30,0.91,19736
sim.pacbio.child.chr21.cov10,realigned,hN,none,sample_s1_m15,1.18,21836
sim.pacbio.child.chr21.cov10,realigned,hN,none,sample_s1_m20,1.17,21836
sim.pacbio.child.chr21.cov10,realigned,hN,none,sample_s1_m25,1.15,21844
sim.pacbio.child.chr21.cov10,realigned,hN,none,sample_s1_m30,1.26,21840
sim.pacbio.child.chr21.cov15,raw,hN,merged_e15_m25_t6_n3,sample_s1_m15,1.42,23308
sim.pacbio.child.chr21.cov15,raw,hN,merged_e15_m25_t6_n3,sample_s1_m20,1.83,23308
sim.pacbio.child.chr21.cov15,raw,hN,merged_e15_m25_t6_n3,sample_s1_m25,1.36,23328
sim.pacbio.child.chr21.cov15,raw,hN,merged_e15_m25_t6_n3,sample_s1_m30,1.33,23312
sim.pacbio.child.chr21.cov15,raw,hN,none,sample_s1_m15,1.79,28392
sim.pacbio.child.chr21.cov15,raw,hN,none,sample_s1_m20,1.80,28416
sim.pacbio.child.chr21.cov15,raw,hN,none,sample_s1_m25,1.79,28396
sim.pacbio.child.chr21.cov15,raw,hN,none,sample_s1_m30,2.26,28572
sim.pacbio.child.chr21.cov15,realigned,hN,merged_e15_m25_t6_n3,sample_s1_m15,1.71,22720
sim.pacbio.child.chr21.cov15,realigned,hN,merged_e15_m25_t6_n3,sample_s1_m20,1.24,22728
sim.pacbio.child.chr21.cov15,realigned,hN,merged_e15_m25_t6_n3,sample_s1_m25,1.26,22728
sim.pacbio.child.chr21.cov15,realigned,hN,merged_e15_m25_t6_n3,sample_s1_m30,1.26,22744
sim.pacbio.child.chr21.cov15,realigned,hN,none,sample_s1_m15,1.70,28080
sim.pacbio.child.chr21.cov15,realigned,hN,none,sample_s1_m20,1.72,28100
sim.pacbio.child.chr21.cov15,realigned,hN,none,sample_s1_m25,1.73,28080
sim.pacbio.child.chr21.cov15,realigned,hN,none,sample_s1_m30,1.73,28108
sim.pacbio.child.chr21.cov20,raw,hN,merged_e15_m25_t6_n3,sample_s1_m15,1.67,27664
sim.pacbio.child.chr21.cov20,raw,hN,merged_e15_m25_t6_n3,sample_s1_m20,1.64,27656
sim.pacbio.child.chr21.cov20,raw,hN,merged_e15_m25_t6_n3,sample_s1_m25,1.67,27652
sim.pacbio.child.chr21.cov20,raw,hN,merged_e15_m25_t6_n3,sample_s1_m30,1.66,27632
sim.pacbio.child.chr21.cov20,raw,hN,none,sample_s1_m15,2.86,33236
sim.pacbio.child.chr21.cov20,raw,hN,none,sample_s1_m20,2.34,33252
sim.pacbio.child.chr21.cov20,raw,hN,none,sample_s1_m25,2.37,33236
sim.pacbio.child.chr21.cov20,raw,hN,none,sample_s1_m30,2.36,33248
sim.pacbio.child.chr21.cov20,realigned,hN,merged_e15_m25_t6_n3,sample_s1_m15,1.55,26816
sim.pacbio.child.chr21.cov20,realigned,hN,merged_e15_m25_t6_n3,sample_s1_m20,1.55,26840
sim.pacbio.child.chr21.cov20,realigned,hN,merged_e15_m25_t6_n3,sample_s1_m25,1.54,26836
sim.pacbio.child.chr21.cov20,realigned,hN,merged_e15_m25_t6_n3,sample_s1_m30,1.67,26856
sim.pacbio.child.chr21.cov20,realigned,hN,none,sample_s1_m15,2.24,32684
sim.pacbio.child.chr21.cov20,realigned,hN,none,sample_s1_m20,2.26,32696
sim.pacbio.child.chr21.cov20,realigned,hN,none,sample_s1_m25,2.27,32684
sim.pacbio.child.chr21.cov20,realigned,hN,none,sample_s1_m30,2.29,32700
sim.pacbio.child.chr21.cov25,raw,hN,merged_e15_m25_t6_n3,sample_s1_m15,1.68,27664
sim.pacbio.child.chr21.cov25,raw,hN,merged_e15_m25_t6_n3,sample_s1_m20,1.75,27656
sim.pacbio.child.chr21.cov25,raw,hN,merged_e15_m25_t6_n3,sample_s1_m25,1.72,27668
sim.pacbio.child.chr21.cov25,raw,hN,merged_e15_m25_t6_n3,sample_s1_m30,1.70,27660
sim.pacbio.child.chr21.cov25,raw,hN,none,sample_s1_m15,2.34,33472
sim.pacbio.child.chr21.cov25,raw,hN,none,sample_s1_m20,2.35,33456
sim.pacbio.child.chr21.cov25,raw,hN,none,sample_s1_m25,2.40,33456
sim.pacbio.child.chr21.cov25,raw,hN,none,sample_s1_m30,2.44,33460
sim.pacbio.child.chr21.cov25,realigned,hN,merged_e15_m25_t6_n3,sample_s1_m15,1.55,26852
sim.pacbio.child.chr21.cov25,realigned,hN,merged_e15_m25_t6_n3,sample_s1_m20,1.58,26860
sim.pacbio.child.chr21.cov25,realigned,hN,merged_e15_m25_t6_n3,sample_s1_m25,1.58,26844
sim.pacbio.child.chr21.cov25,realigned,hN,merged_e15_m25_t6_n3,sample_s1_m30,1.56,26844
sim.pacbio.child.chr21.cov25,realigned,hN,none,sample_s1_m15,2.24,32940
sim.pacbio.child.chr21.cov25,realigned,hN,none,sample_s1_m20,2.27,32920
sim.pacbio.child.chr21.cov25,realigned,hN,none,sample_s1_m25,2.37,32936
sim.pacbio.child.chr21.cov25,realigned,hN,none,sample_s1_m30,2.33,32928
sim.pacbio.child.chr21.cov30,raw,hN,merged_e15_m25_t6_n3,sample_s1_m15,1.65,27660
sim.pacbio.child.chr21.cov30,raw,hN,merged_e15_m25_t6_n3,sample_s1_m20,1.68,27660
sim.pacbio.child.chr21.cov30,raw,hN,merged_e15_m25_t6_n3,sample_s1_m25,1.69,27656
sim.pacbio.child.chr21.cov30,raw,hN,merged_e15_m25_t6_n3,sample_s1_m30,1.70,27660
sim.pacbio.child.chr21.cov30,raw,hN,none,sample_s1_m15,2.34,33464
sim.pacbio.child.chr21.cov30,raw,hN,none,sample_s1_m20,2.36,33460
sim.pacbio.child.chr21.cov30,raw,hN,none,sample_s1_m25,2.38,33456
sim.pacbio.child.chr21.cov30,raw,hN,none,sample_s1_m30,2.39,33452
sim.pacbio.child.chr21.cov30,realigned,hN,merged_e15_m25_t6_n3,sample_s1_m15,1.56,26852
sim.pacbio.child.chr21.cov30,realigned,hN,merged_e15_m25_t6_n3,sample_s1_m20,1.57,26852
sim.pacbio.child.chr21.cov30,realigned,hN,merged_e15_m25_t6_n3,sample_s1_m25,1.55,26840
sim.pacbio.child.chr21.cov30,realigned,hN,merged_e15_m25_t6_n3,sample_s1_m30,1.54,26844
sim.pacbio.child.chr21.cov30,realigned,hN,none,sample_s1_m15,2.24,32920
sim.pacbio.child.chr21.cov30,realigned,hN,none,sample_s1_m20,2.35,32924
sim.pacbio.child.chr21.cov30,realigned,hN,none,sample_s1_m25,2.30,32916
sim.pacbio.child.chr21.cov30,realigned,hN,none,sample_s1_m30,2.32,32928
sim.pacbio.child.chr21.cov40,raw,hN,merged_e15_m25_t6_n3,sample_s1_m15,2.78,37712
sim.pacbio.child.chr21.cov40,raw,hN,merged_e15_m25_t6_n3,sample_s1_m20,2.85,37716
sim.pacbio.child.chr21.cov40,raw,hN,merged_e15_m25_t6_n3,sample_s1_m25,2.78,37716
sim.pacbio.child.chr21.cov40,raw,hN,merged_e15_m25_t6_n3,sample_s1_m30,2.81,37748
sim.pacbio.child.chr21.cov40,raw,hN,none,sample_s1_m15,4.54,55088
sim.pacbio.child.chr21.cov40,raw,hN,none,sample_s1_m20,4.74,55092
sim.pacbio.child.chr21.cov40,raw,hN,none,sample_s1_m25,4.64,55096
sim.pacbio.child.chr21.cov40,raw,hN,none,sample_s1_m30,4.71,55100
sim.pacbio.child.chr21.cov40,realigned,hN,merged_e15_m25_t6_n3,sample_s1_m15,2.52,36004
sim.pacbio.child.chr21.cov40,realigned,hN,merged_e15_m25_t6_n3,sample_s1_m20,2.60,36032
sim.pacbio.child.chr21.cov40,realigned,hN,merged_e15_m25_t6_n3,sample_s1_m25,2.63,36000
sim.pacbio.child.chr21.cov40,realigned,hN,merged_e15_m25_t6_n3,sample_s1_m30,2.65,36000
sim.pacbio.child.chr21.cov40,realigned,hN,none,sample_s1_m15,4.44,54008
sim.pacbio.child.chr21.cov40,realigned,hN,none,sample_s1_m20,4.44,54004
sim.pacbio.child.chr21.cov40,realigned,hN,none,sample_s1_m25,4.55,54004
sim.pacbio.child.chr21.cov40,realigned,hN,none,sample_s1_m30,4.67,54004
sim.pacbio.child.chr21.cov5,raw,hN,merged_e15_m25_t6_n3,sample_s1_m15,0.53,15720
sim.pacbio.child.chr21.cov5,raw,hN,merged_e15_m25_t6_n3,sample_s1_m20,0.53,15712
sim.pacbio.child.chr21.cov5,raw,hN,merged_e15_m25_t6_n3,sample_s1_m25,0.68,15712
sim.pacbio.child.chr21.cov5,raw,hN,merged_e15_m25_t6_n3,sample_s1_m30,0.55,15708
sim.pacbio.child.chr21.cov5,raw,hN,none,sample_s1_m15,0.61,16324
sim.pacbio.child.chr21.cov5,raw,hN,none,sample_s1_m20,0.62,16320
sim.pacbio.child.chr21.cov5,raw,hN,none,sample_s1_m25,0.61,16328
sim.pacbio.child.chr21.cov5,raw,hN,none,sample_s1_m30,0.59,16324
sim.pacbio.child.chr21.cov5,realigned,hN,merged_e15_m25_t6_n3,sample_s1_m15,0.53,15500
sim.pacbio.child.chr21.cov5,realigned,hN,merged_e15_m25_t6_n3,sample_s1_m20,0.52,15492
sim.pacbio.child.chr21.cov5,realigned,hN,merged_e15_m25_t6_n3,sample_s1_m25,0.53,15492
sim.pacbio.child.chr21.cov5,realigned,hN,merged_e15_m25_t6_n3,sample_s1_m30,0.52,15500
sim.pacbio.child.chr21.cov5,realigned,hN,none,sample_s1_m15,0.60,16212
sim.pacbio.child.chr21.cov5,realigned,hN,none,sample_s1_m20,0.60,16216
sim.pacbio.child.chr21.cov5,realigned,hN,none,sample_s1_m25,0.60,16216
sim.pacbio.child.chr21.cov5,realigned,hN,none,sample_s1_m30,0.58,16212
sim.pacbio.child.chr21.cov50,raw,hN,merged_e15_m25_t6_n3,sample_s1_m15,2.83,41368
sim.pacbio.child.chr21.cov50,raw,hN,merged_e15_m25_t6_n3,sample_s1_m20,2.78,41372
sim.pacbio.child.chr21.cov50,raw,hN,merged_e15_m25_t6_n3,sample_s1_m25,2.80,41348
sim.pacbio.child.chr21.cov50,raw,hN,merged_e15_m25_t6_n3,sample_s1_m30,2.81,41352
sim.pacbio.child.chr21.cov50,raw,hN,none,sample_s1_m15,4.63,55412
sim.pacbio.child.chr21.cov50,raw,hN,none,sample_s1_m20,4.68,55408
sim.pacbio.child.chr21.cov50,raw,hN,none,sample_s1_m25,4.70,55420
sim.pacbio.child.chr21.cov50,raw,hN,none,sample_s1_m30,4.73,55420
sim.pacbio.child.chr21.cov50,realigned,hN,merged_e15_m25_t6_n3,sample_s1_m15,2.53,36124
sim.pacbio.child.chr21.cov50,realigned,hN,merged_e15_m25_t6_n3,sample_s1_m20,2.59,36132
sim.pacbio.child.chr21.cov50,realigned,hN,merged_e15_m25_t6_n3,sample_s1_m25,2.61,36132
sim.pacbio.child.chr21.cov50,realigned,hN,merged_e15_m25_t6_n3,sample_s1_m30,2.61,36148
sim.pacbio.child.chr21.cov50,realigned,hN,none,sample_s1_m15,4.47,54300
sim.pacbio.child.chr21.cov50,realigned,hN,none,sample_s1_m20,4.63,54328
sim.pacbio.child.chr21.cov50,realigned,hN,none,sample_s1_m25,4.49,54304
sim.pacbio.child.chr21.cov50,realigned,hN,none,sample_s1_m30,4.46,54312
sim.pacbio.child.chr21.cov60,raw,hN,merged_e15_m25_t6_n3,sample_s1_m15,2.77,41348
sim.pacbio.child.chr21.cov60,raw,hN,merged_e15_m25_t6_n3,sample_s1_m20,2.78,41352
sim.pacbio.child.chr21.cov60,raw,hN,merged_e15_m25_t6_n3,sample_s1_m25,2.81,41352
sim.pacbio.child.chr21.cov60,raw,hN,merged_e15_m25_t6_n3,sample_s1_m30,2.86,41368
sim.pacbio.child.chr21.cov60,raw,hN,none,sample_s1_m15,4.66,55408
sim.pacbio.child.chr21.cov60,raw,hN,none,sample_s1_m20,4.76,55424
sim.pacbio.child.chr21.cov60,raw,hN,none,sample_s1_m25,4.73,55412
sim.pacbio.child.chr21.cov60,raw,hN,none,sample_s1_m30,4.72,55404
sim.pacbio.child.chr21.cov60,realigned,hN,merged_e15_m25_t6_n3,sample_s1_m15,2.55,36120
sim.pacbio.child.chr21.cov60,realigned,hN,merged_e15_m25_t6_n3,sample_s1_m20,2.61,36140
sim.pacbio.child.chr21.cov60,realigned,hN,merged_e15_m25_t6_n3,sample_s1_m25,2.62,36116
sim.pacbio.child.chr21.cov60,realigned,hN,merged_e15_m25_t6_n3,sample_s1_m30,2.65,36128
sim.pacbio.child.chr21.cov60,realigned,hN,none,sample_s1_m15,4.46,54304
sim.pacbio.child.chr21.cov60,realigned,hN,none,sample_s1_m20,4.53,54320
sim.pacbio.child.chr21.cov60,realigned,hN,none,sample_s1_m25,4.48,54320
sim.pacbio.child.chr21.cov60,realigned,hN,none,sample_s1_m30,4.65,54304
sim.pacbio.child.chr21.covall,raw,hN,merged_e15_m25_t6_n3,sample_s1_m15,1.68,27652
sim.pacbio.child.chr21.covall,raw,hN,merged_e15_m25_t6_n3,sample_s1_m20,1.70,27668
sim.pacbio.child.chr21.covall,raw,hN,merged_e15_m25_t6_n3,sample_s1_m25,1.68,27652
sim.pacbio.child.chr21.covall,raw,hN,merged_e15_m25_t6_n3,sample_s1_m30,1.67,27664
sim.pacbio.child.chr21.covall,raw,hN,none,sample_s1_m15,2.30,33456
sim.pacbio.child.chr21.covall,raw,hN,none,sample_s1_m20,2.34,33464
sim.pacbio.child.chr21.covall,raw,hN,none,sample_s1_m25,2.41,33460
sim.pacbio.child.chr21.covall,raw,hN,none,sample_s1_m30,2.42,33460
sim.pacbio.child.chr21.covall,realigned,hN,merged_e15_m25_t6_n3,sample_s1_m15,1.58,26848
sim.pacbio.child.chr21.covall,realigned,hN,merged_e15_m25_t6_n3,sample_s1_m20,1.53,26844
sim.pacbio.child.chr21.covall,realigned,hN,merged_e15_m25_t6_n3,sample_s1_m25,1.63,26856
sim.pacbio.child.chr21.covall,realigned,hN,merged_e15_m25_t6_n3,sample_s1_m30,1.61,26856
sim.pacbio.child.chr21.covall,realigned,hN,none,sample_s1_m15,2.25,32928
sim.pacbio.child.chr21.covall,realigned,hN,none,sample_s1_m20,2.27,32928
sim.pacbio.child.chr21.covall,realigned,hN,none,sample_s1_m25,2.29,32924
sim.pacbio.child.chr21.covall,realigned,hN,none,sample_s1_m30,2.39,32928
